state,submission_year,submission_month,new_case,new_death,population,pnew_case,pnew_death
AK,2020,1,0.0,0.0,733391,0.0,0.0
AK,2020,2,0.0,0.0,733391,0.0,0.0
AK,2020,3,128.0,6.0,733391,0.0001745317300048678,8.181174843978178e-06
AK,2020,4,227.0,3.0,733391,0.00030952111493050776,4.090587421989089e-06
AK,2020,5,108.0,4.0,733391,0.0001472611471916072,5.4541165626521185e-06
AK,2020,6,481.0,4.0,733391,0.0006558575166589173,5.4541165626521185e-06
AK,2020,7,2049.0,16.0,733391,0.0027938712092185477,2.1816466250608474e-05
AK,2020,8,2297.0,19.0,733391,0.0031320264361029792,2.5907053672597563e-05
AK,2020,9,2601.0,17.0,733391,0.0035465392948645404,2.3179995391271506e-05
AK,2020,10,7507.0,47.0,733391,0.010236013258957365,6.40858696111624e-05
AK,2020,11,16395.0,89.0,733391,0.022355060261170373,0.00012135409351900964
AK,2020,12,13978.0,76.0,733391,0.01905941032818783,0.00010362821469039025
AK,2021,1,6991.0,27.0,733391,0.00953243222237524,3.68152867979018e-05
AK,2021,2,3569.0,15.0,733391,0.004866435503026353,2.0452937109945446e-05
AK,2021,3,4207.0,17.0,733391,0.005736367094769366,2.3179995391271506e-05
AK,2021,4,4871.0,1.0,733391,0.006641750444169618,1.3635291406630296e-06
AK,2021,5,2072.0,21.0,733391,0.0028252323794537974,2.8634111953923624e-05
AK,2021,6,898.0,8.0,733391,0.0012244491683154007,1.0908233125304237e-05
AK,2021,7,4140.0,12.0,733391,0.005645010642344943,1.6362349687956356e-05
AK,2021,8,12078.0,49.0,733391,0.016468704960928074,6.681292789248845e-05
AK,2021,9,25248.0,125.0,733391,0.03442638374346017,0.0001704411425828787
AK,2021,10,22800.0,143.0,733391,0.031088464407117076,0.00019498466711481325
AK,2021,11,12936.0,151.0,733391,0.01763861296361695,0.00020589290024011748
AK,2021,12,2799.0,7.0,733391,0.00381651806471582,9.544703984641209e-06
AL,2020,1,0.0,0.0,5024279,0.0,0.0
AL,2020,2,0.0,1.0,5024279,0.0,1.9903353297060135e-07
AL,2020,3,1056.0,48.0,5024279,0.00021017941081695503,9.553609582588865e-06
AL,2020,4,6115.0,337.0,5024279,0.0012170900541152274,6.707430061109266e-05
AL,2020,5,11005.0,480.0,5024279,0.002190364030341468,9.553609582588865e-05
AL,2020,6,20244.0,478.0,5024279,0.0040292348414568534,9.513802875994745e-05
AL,2020,7,49582.0,963.0,5024279,0.009868480631748356,0.00019166929225068911
AL,2020,8,38009.0,1059.0,5024279,0.007565065554679587,0.00021077651141586682
AL,2020,9,27934.0,617.0,5024279,0.005559802710000779,0.00012280368984286103
AL,2020,10,38098.0,595.0,5024279,0.00758277953911397,0.0001184249521175078
AL,2020,11,58284.0,804.0,5024279,0.01160047043565853,0.0001600229605083635
AL,2020,12,111768.0,1803.0,5024279,0.022245579913058172,0.00035885745994599424
AL,2021,1,96750.0,2405.0,5024279,0.01925649431490568,0.00047867564679429626
AL,2021,2,33784.0,974.0,5024279,0.006724148877878796,0.00019385866111336573
AL,2021,3,22396.0,392.0,5024279,0.004457555004409588,7.802114492447573e-05
AL,2021,4,12811.0,213.0,5024279,0.002549818590886374,4.2394142522738085e-05
AL,2021,5,15701.0,208.0,5024279,0.0031250255011714117,4.139897485788508e-05
AL,2021,6,5590.0,127.0,5024279,0.0011125974493056616,2.5277258687266373e-05
AL,2021,7,35430.0,250.0,5024279,0.007051758073148406,4.9758383242650336e-05
AL,2021,8,116374.0,1571.0,5024279,0.023162328365920762,0.00031268168029681474
AL,2021,9,93525.0,1893.0,5024279,0.01861461117107549,0.00037677047791334834
AL,2021,10,34872.0,802.0,5024279,0.006940697361750811,0.0001596248934424223
AL,2021,11,16422.0,244.0,5024279,0.0032685286784432154,4.856418204482673e-05
AL,2021,12,8287.0,40.0,5024279,0.0016493908877273735,7.961341318824053e-06
AR,2020,1,0.0,0.0,3011524,0.0,0.0
AR,2020,2,0.0,0.0,3011524,0.0,0.0
AR,2020,3,560.0,8.0,3011524,0.00018595236166140465,2.656462309448638e-06
AR,2020,4,2695.0,53.0,3011524,0.0008948957404955099,1.7599062800097227e-05
AR,2020,5,3998.0,72.0,3011524,0.001327567039146957,2.390816078503774e-05
AR,2020,6,13524.0,137.0,3011524,0.004490749534122923,4.5491917049307926e-05
AR,2020,7,21734.0,183.0,3011524,0.007216943979194587,6.0766575328637596e-05
AR,2020,8,18713.0,344.0,3011524,0.006213797399589045,0.00011422787930629144
AR,2020,9,22473.0,572.0,3011524,0.007462334685029905,0.00018993705512557763
AR,2020,10,28493.0,556.0,3011524,0.009461322572890006,0.00018462413050668035
AR,2020,11,45169.0,577.0,3011524,0.014998718256935691,0.00019159734406898302
AR,2020,12,67779.0,1174.0,3011524,0.022506544859014904,0.00038983584391158764
AR,2021,1,70130.0,1192.0,3011524,0.023287212720204124,0.00039581288410784704
AR,2021,2,27147.0,375.0,3011524,0.009014372789325271,0.0001245216707554049
AR,2021,3,7983.0,383.0,3011524,0.00265081732704106,0.00012717813306485355
AR,2021,4,5327.0,113.0,3011524,0.0017688718403041119,3.752253012096201e-05
AR,2021,5,5656.0,94.0,3011524,0.001878118852780187,3.121343213602149e-05
AR,2021,6,8004.0,76.0,3011524,0.002657790540603362,2.5236391939762062e-05
AR,2021,7,37067.0,232.0,3011524,0.012308386053041583,7.70374069740105e-05
AR,2021,8,66439.0,793.0,3011524,0.02206158742218226,0.0002633218264240962
AR,2021,9,43186.0,757.0,3011524,0.01434024766198111,0.00025136774603157734
AR,2021,10,17138.0,405.0,3011524,0.005690806382416345,0.0001344834044158373
AR,2021,11,15623.0,291.0,3011524,0.0051877388325645086,9.662881650619421e-05
AR,2021,12,10645.0,213.0,3011524,0.003534755160510094,7.072830898906998e-05
AZ,2020,1,1.0,0.0,7151502,1.3983076562098423e-07,0.0
AZ,2020,2,0.0,0.0,7151502,0.0,0.0
AZ,2020,3,1288.0,24.0,7151502,0.0001801020261198277,3.3559383749036215e-06
AZ,2020,4,6359.0,296.0,7151502,0.0008891838385838387,4.138990662381133e-05
AZ,2020,5,12288.0,586.0,7151502,0.0017182404479506542,8.194082865389677e-05
AZ,2020,6,59300.0,726.0,7151502,0.008291964401324365,0.00010151713584083455
AZ,2020,7,94826.0,2062.0,7151502,0.01325959218077545,0.00028833103871046947
AZ,2020,8,27856.0,1335.0,7151502,0.003895125807138137,0.00018667407210401396
AZ,2020,9,16702.0,621.0,7151502,0.0023354534474016786,8.683490545063121e-05
AZ,2020,10,27495.0,329.0,7151502,0.0038446469007489617,4.6004321889303815e-05
AZ,2020,11,80961.0,660.0,7151502,0.011320838615440504,9.22883053098496e-05
AZ,2020,12,193483.0,2225.0,7151502,0.027054876024644892,0.00031112345350668995
AZ,2021,1,238290.0,4256.0,7151502,0.03332027313982433,0.0005951197384829089
AZ,2021,2,58558.0,2860.0,7151502,0.008188209973233595,0.0003999159896760149
AZ,2021,3,25029.0,987.0,7151502,0.0034998242327276144,0.00013801296566791143
AZ,2021,4,20061.0,357.0,7151502,0.0028051449891225645,4.9919583326691374e-05
AZ,2021,5,18953.0,304.0,7151502,0.0026502125008145143,4.250855274877921e-05
AZ,2021,6,13425.0,308.0,7151502,0.0018772280284617133,4.3067875811263145e-05
AZ,2021,7,32360.0,310.0,7151502,0.00452492357549505,4.334753734250511e-05
AZ,2021,8,84688.0,540.0,7151502,0.011841987878909914,7.550861343533149e-05
AZ,2021,9,81660.0,1198.0,7151502,0.011418580320609573,0.00016751725721393911
AZ,2021,10,75317.0,1170.0,7151502,0.01053163377427567,0.00016360199577655156
AZ,2021,11,100880.0,1153.0,7151502,0.01410612763584489,0.00016122487276099484
AZ,2021,12,50968.0,936.0,7151502,0.0071268944621703245,0.00013088159662124124
CA,2020,1,0.0,0.0,39538223,0.0,0.0
CA,2020,2,34.0,0.0,39538223,8.599273669937063e-07,0.0
CA,2020,3,6898.0,150.0,39538223,0.0001744640875741937,3.793797207325175e-06
CA,2020,4,41985.0,1740.0,39538223,0.0010618838383303164,4.400804760497203e-05
CA,2020,5,61666.0,2153.0,39538223,0.0015596553239127615,5.4453635915807346e-05
CA,2020,6,112334.0,1834.0,39538223,0.002841149436584441,4.6385493854895804e-05
CA,2020,7,270671.0,3062.0,39538223,0.0068458058926927495,7.74440469921979e-05
CA,2020,8,210497.0,3818.0,39538223,0.005323886205002183,9.656478491711678e-05
CA,2020,9,106540.0,2900.0,39538223,0.002694607696456161,7.334674600828672e-05
CA,2020,10,111380.0,1948.0,39538223,0.0028170208863458534,4.926877973246294e-05
CA,2020,11,290963.0,1615.0,39538223,0.007359030778899699,4.084654993220105e-05
CA,2020,12,1018584.0,6154.0,39538223,0.02576200756417404,0.00015564685342586083
CA,2021,1,1011796.0,14539.0,39538223,0.025590325594551884,0.00036772011731533814
CA,2021,2,232214.0,11881.0,39538223,0.005873152164678721,0.000300494030801536
CA,2021,3,92864.0,6142.0,39538223,0.0023487145590736338,0.00015534334964927482
CA,2021,4,69706.0,2531.0,39538223,0.001763002854225391,6.401400487826679e-05
CA,2021,5,46900.0,1544.0,39538223,0.0011861939268236713,3.9050819254067134e-05
CA,2021,6,25422.0,1012.0,39538223,0.0006429727506974707,2.5595485158753847e-05
CA,2021,7,138616.0,912.0,39538223,0.0035058732912705763,2.3066287020537063e-05
CA,2021,8,401722.0,1352.0,39538223,0.010160345344807226,3.419475882869091e-05
CA,2021,9,291469.0,3383.0,39538223,0.0073718285214790765,8.556277301587378e-05
CA,2021,10,172876.0,2849.0,39538223,0.004372376573423646,7.205685495779616e-05
CA,2021,11,170254.0,2193.0,39538223,0.0043060609982396025,5.5465315171094055e-05
CA,2021,12,94978.0,992.0,39538223,0.0024021818077155366,2.508964553111049e-05
CO,2020,1,0.0,0.0,5773714,0.0,0.0
CO,2020,2,0.0,0.0,5773714,0.0,0.0
CO,2020,3,2937.0,69.0,5773714,0.0005086847045073587,1.1950713180458887e-05
CO,2020,4,12900.0,708.0,5773714,0.0022342637685205747,0.00012262470915601293
CO,2020,5,10924.0,668.0,5773714,0.0018920230548309114,0.00011569675948618168
CO,2020,6,6416.0,245.0,5773714,0.0011112431270409308,4.243369172771634e-05
CO,2020,7,14610.0,148.0,5773714,0.00253043361690586,2.5633413778375584e-05
CO,2020,8,10638.0,107.0,5773714,0.001842488214691618,1.8532265366798564e-05
CO,2020,9,13742.0,106.0,5773714,0.002380097109070522,1.8359066625052783e-05
CO,2020,10,38758.0,234.0,5773714,0.006712836832582979,4.052850556851274e-05
CO,2020,11,135529.0,752.0,5773714,0.02347345227006395,0.0001302454537928273
CO,2020,12,100744.0,1777.0,5773714,0.01744873403843696,0.0003077741640822528
CO,2021,1,59309.0,780.0,5773714,0.010272244174200524,0.00013509501856170914
CO,2021,2,31561.0,357.0,5773714,0.005466325488238593,6.183195080324381e-05
CO,2021,3,32085.0,156.0,5773714,0.0055570816289133825,2.7019003712341832e-05
CO,2021,4,48533.0,188.0,5773714,0.008405854533147988,3.256136344820682e-05
CO,2021,5,30505.0,285.0,5773714,0.005283427616955048,4.936164139754757e-05
CO,2021,6,11133.0,214.0,5773714,0.0019282215918557796,3.706453073359713e-05
CO,2021,7,16893.0,154.0,5773714,0.002925846344311478,2.667260622885027e-05
CO,2021,8,40653.0,194.0,5773714,0.0070410484481912335,3.360055589868151e-05
CO,2021,9,50798.0,401.0,5773714,0.008798149683202182,6.945269544005817e-05
CO,2021,10,68364.0,643.0,5773714,0.01184055878070857,0.00011136679094253716
CO,2021,11,88976.0,1007.0,5773714,0.015410531245572607,0.00017441113293800142
CO,2021,12,30567.0,547.0,5773714,0.005294165938943287,9.473971173494218e-05
CT,2020,1,0.0,0.0,3605944,0.0,0.0
CT,2020,2,0.0,0.0,3605944,0.0,0.0
CT,2020,3,3128.0,69.0,3605944,0.000867456621622521,1.9135072535790907e-05
CT,2020,4,24572.0,2188.0,3605944,0.006814304381876146,0.0006067759233088478
CT,2020,5,14501.0,1687.0,3605944,0.004021415751326144,0.0004678386575054965
CT,2020,6,4313.0,378.0,3605944,0.001196080693432843,0.0001048269191091154
CT,2020,7,3296.0,110.0,3605944,0.0009140463634487946,3.0505188100536225e-05
CT,2020,8,3069.0,33.0,3605944,0.0008510947480049606,9.151556430160868e-06
CT,2020,9,4671.0,43.0,3605944,0.0012953612147054974,1.1924755348391434e-05
CT,2020,10,13657.0,108.0,3605944,0.003787357762627484,2.995054831689011e-05
CT,2020,11,46088.0,404.0,3605944,0.012781119174341032,0.00011203723629651486
CT,2020,12,68413.0,975.0,3605944,0.01897228575929077,0.0002703868945274802
CT,2021,1,64315.0,1051.0,3605944,0.017835828842599884,0.0002914632063060325
CT,2021,2,29923.0,576.0,3605944,0.008298243123021323,0.0001597362576900806
CT,2021,3,30942.0,264.0,3605944,0.008580832092789018,7.321245144128694e-05
CT,2021,4,28345.0,211.0,3605944,0.007860632333724539,5.8514497174664945e-05
CT,2021,5,8273.0,141.0,3605944,0.0022942674650521474,3.910210474705098e-05
CT,2021,6,1846.0,40.0,3605944,0.0005119325203053625,1.1092795672922263e-05
CT,2021,7,5397.0,15.0,3605944,0.0014966954561690365,4.159798377345849e-06
CT,2021,8,18171.0,65.0,3605944,0.005039179754316761,1.802579296849868e-05
CT,2021,9,17273.0,271.0,3605944,0.004790146491459656,7.515369068404834e-05
CT,2021,10,12238.0,135.0,3605944,0.0033938408361305667,3.743818539611264e-05
CT,2021,11,19109.0,141.0,3605944,0.005299305812846789,3.910210474705098e-05
CT,2021,12,28623.0,95.0,3605944,0.00793772726365135,2.6345389723190378e-05
DC,2020,1,0.0,0.0,689545,0.0,0.0
DC,2020,2,0.0,0.0,689545,0.0,0.0
DC,2020,3,495.0,9.0,689545,0.0007178646788824515,1.3052085070590027e-05
DC,2020,4,3828.0,215.0,689545,0.005551486850024291,0.00031179981001965067
DC,2020,5,4478.0,242.0,689545,0.006494137438455793,0.0003509560652314207
DC,2020,6,1526.0,85.0,689545,0.0022130535353022647,0.00012326969233335025
DC,2020,7,1799.0,34.0,689545,0.0026089667824434953,4.93078769333401e-05
DC,2020,8,1866.0,22.0,689545,0.0027061323046356656,3.190509683922007e-05
DC,2020,9,1334.0,20.0,689545,0.001934609053796344,2.900463349020006e-05
DC,2020,10,1940.0,19.0,689545,0.002813449448549406,2.7554401815690056e-05
DC,2020,11,4286.0,34.0,689545,0.006215692956949873,4.93078769333401e-05
DC,2020,12,7431.0,106.0,689545,0.010776671573283832,0.00015372455749806032
DC,2021,1,7889.0,127.0,689545,0.011440877680209413,0.00018417942266277037
DC,2021,2,3726.0,104.0,689545,0.005403563219224271,0.00015082409414904032
DC,2021,3,3915.0,47.0,689545,0.005677657005706662,6.816088870197014e-05
DC,2021,4,3184.0,41.0,689545,0.004617537651639849,5.9459498654910123e-05
DC,2021,5,1234.0,27.0,689545,0.0017895858863453437,3.915625521177008e-05
DC,2021,6,382.0,9.0,689545,0.0005539884996628212,1.3052085070590027e-05
DC,2021,7,1147.0,8.0,689545,0.0016634157306629734,1.1601853396080024e-05
DC,2021,8,4708.0,11.0,689545,0.006827690723593094,1.5952548419610034e-05
DC,2021,9,5347.0,14.0,689545,0.007754388763604986,2.030324344314004e-05
DC,2021,10,3087.0,16.0,689545,0.004476865179212379,2.3203706792160048e-05
DC,2021,11,2672.0,6.0,689545,0.0038750190342907278,8.701390047060018e-06
DC,2021,12,2628.0,7.0,689545,0.0038112088406122876,1.015162172157002e-05
DE,2020,1,0.0,0.0,989948,0.0,0.0
DE,2020,2,0.0,0.0,989948,0.0,0.0
DE,2020,3,414.0,10.0,989948,0.000418203784441203,1.010154068698558e-05
DE,2020,4,4632.0,142.0,989948,0.00467903364621172,0.00014344187775519523
DE,2020,5,4705.0,217.0,989948,0.004752774893226715,0.00021920343290758707
DE,2020,6,1977.0,140.0,989948,0.001997074593817049,0.0001414215696177981
DE,2020,7,3598.0,76.0,989948,0.0036345343391774114,7.67717092210904e-05
DE,2020,8,2439.0,20.0,989948,0.002463765773555783,2.020308137397116e-05
DE,2020,9,3141.0,31.0,989948,0.0031728939297821705,3.1314776129655294e-05
DE,2020,10,4380.0,74.0,989948,0.004424474820899684,7.475140108369328e-05
DE,2020,11,11232.0,67.0,989948,0.011346050499622203,6.768032260280337e-05
DE,2020,12,22329.0,153.0,989948,0.0225557301999701,0.00015455357251087937
DE,2021,1,20976.0,160.0,989948,0.021188991745020952,0.00016162465099176928
DE,2021,2,8888.0,332.0,989948,0.008978249362592783,0.0003353711508079212
DE,2021,3,7193.0,137.0,989948,0.007266038216148727,0.00013839110741170244
DE,2021,4,9353.0,66.0,989948,0.009447971004537613,6.667016853410483e-05
DE,2021,5,3619.0,36.0,989948,0.003655747574620081,3.6365546473148086e-05
DE,2021,6,868.0,25.0,989948,0.0008768137316303483,2.525385171746395e-05
DE,2021,7,1663.0,9.0,989948,0.0016798862162457017,9.091386618287022e-06
DE,2021,8,8445.0,47.0,989948,0.008530751110159322,4.7477241228832224e-05
DE,2021,9,13111.0,74.0,989948,0.013244129994706793,7.475140108369328e-05
DE,2021,10,11235.0,137.0,989948,0.011349080961828299,0.00013839110741170244
DE,2021,11,8992.0,87.0,989948,0.009083305385737433,8.788340397677454e-05
DE,2021,12,8460.0,47.0,989948,0.0085459034211898,4.7477241228832224e-05
FL,2020,1,0.0,0.0,21538187,0.0,0.0
FL,2020,2,0.0,0.0,21538187,0.0,0.0
FL,2020,3,6514.0,177.0,21538187,0.00030243956931008166,8.217961892521408e-06
FL,2020,4,26982.0,1301.0,21538187,0.0012527516823955516,6.040434136819408e-05
FL,2020,5,21688.0,1204.0,21538187,0.0010069556922316627,5.5900712534439413e-05
FL,2020,6,101028.0,1158.0,21538187,0.004690645503263575,5.3764971025648535e-05
FL,2020,7,315367.0,5239.0,21538187,0.014642225921801125,0.00024324238618598677
FL,2020,8,148783.0,5186.0,21538187,0.006907870193531145,0.0002407816405345538
FL,2020,9,77638.0,2271.0,21538187,0.0036046673752066502,0.00010544062970574079
FL,2020,10,98402.0,1573.0,21538187,0.004568722520609557,7.303307376800099e-05
FL,2020,11,193278.0,1955.0,21538187,0.008973735811653972,9.076901412361216e-05
FL,2020,12,328582.0,3489.0,21538187,0.015255787313946155,0.00016199135052546437
FL,2021,1,374352.0,5474.0,21538187,0.017380850115193077,0.0002541532395461141
FL,2021,2,179425.0,3451.0,21538187,0.008330552613365275,0.00016022704232255018
FL,2021,3,151470.0,1946.0,21538187,0.007032625355142473,9.03511516545009e-05
FL,2021,4,170852.0,1580.0,21538187,0.007932515396955185,7.335807791064308e-05
FL,2021,5,87127.0,1428.0,21538187,0.00404523370513962,6.630084509898627e-05
FL,2021,6,52516.0,899.0,21538187,0.0024382739364274255,4.173981774789122e-05
FL,2021,7,291036.0,2072.0,21538187,0.013512557951140456,9.620122622205852e-05
FL,2021,8,637935.0,10041.0,21538187,0.02961878824805449,0.00046619522803846027
FL,2021,9,307041.0,8120.0,21538187,0.014255656708709976,0.0003770048054648239
FL,2021,10,77111.0,2607.0,21538187,0.0035801992061820246,0.00012104082855256108
FL,2021,11,45333.0,821.0,21538187,0.0021047732569134067,3.8118343015593655e-05
FL,2021,12,31813.0,82.0,21538187,0.001477050969981828,3.807191385235907e-06
GA,2020,1,0.0,0.0,10711908,0.0,0.0
GA,2020,2,2.0,0.0,10711908,1.867081009284247e-07,0.0
GA,2020,3,4234.0,130.0,10711908,0.00039526104966547507,1.2136026560347606e-05
GA,2020,4,21005.0,981.0,10711908,0.0019609018300007805,9.158032350539232e-05
GA,2020,5,20371.0,941.0,10711908,0.0019017153620064697,8.784616148682382e-05
GA,2020,6,36065.0,753.0,10711908,0.0033668138299918185,7.02955999995519e-05
GA,2020,7,109057.0,947.0,10711908,0.010180912681475607,8.84062857896091e-05
GA,2020,8,90035.0,1881.0,10711908,0.008405131933545359,0.00017559896892318342
GA,2020,9,54948.0,1388.0,10711908,0.005129618364907541,0.00012957542204432675
GA,2020,10,53276.0,958.0,10711908,0.0049735303925313775,8.943318034471543e-05
GA,2020,11,82570.0,1007.0,10711908,0.007708243946830014,9.400752881746184e-05
GA,2020,12,194889.0,1482.0,10711908,0.01819367754091988,0.0001383507027879627
GA,2021,1,242993.0,3264.0,10711908,0.022684380784450352,0.00030470762071518914
GA,2021,2,97076.0,3097.0,10711908,0.009062437802863877,0.0002891174942876657
GA,2021,3,53027.0,1760.0,10711908,0.004950285233965788,0.00016430312881701373
GA,2021,4,40639.0,1135.0,10711908,0.003793815256815126,0.00010595684727688102
GA,2021,5,23654.0,647.0,10711908,0.002208196709680479,6.0400070650345394e-05
GA,2021,6,10732.0,586.0,10711908,0.001001875669581927,5.470547357202844e-05
GA,2021,7,48705.0,260.0,10711908,0.004546809027859463,2.427205312069521e-05
GA,2021,8,220304.0,1057.0,10711908,0.020566270733467836,9.867523134067246e-05
GA,2021,9,175134.0,3344.0,10711908,0.016349468273999367,0.0003121759447523261
GA,2021,10,55377.0,2981.0,10711908,0.0051696672525566876,0.000278288424433817
GA,2021,11,30363.0,1445.0,10711908,0.0028345090342448797,0.00013489660292078685
GA,2021,12,19220.0,372.0,10711908,0.0017942648499221614,3.4727706772686995e-05
HI,2020,1,0.0,0.0,1455271,0.0,0.0
HI,2020,2,0.0,0.0,1455271,0.0,0.0
HI,2020,3,283.0,1.0,1455271,0.00019446549817868974,6.871572373805291e-07
HI,2020,4,324.0,15.0,1455271,0.00022263894491129143,1.0307358560707938e-05
HI,2020,5,37.0,1.0,1455271,2.542481778307958e-05,6.871572373805291e-07
HI,2020,6,264.0,1.0,1455271,0.0001814095106684597,6.871572373805291e-07
HI,2020,7,1264.0,8.0,1455271,0.0008685667480489888,5.497257899044233e-06
HI,2020,8,6450.0,44.0,1455271,0.0044321641811044124,3.0234918444743282e-05
HI,2020,9,3858.0,66.0,1455271,0.0026510526218140812,4.535237766711492e-05
HI,2020,10,2515.0,82.0,1455271,0.0017282004520120307,5.634689346520339e-05
HI,2020,11,2713.0,24.0,1455271,0.0018642575850133754,1.64917736971327e-05
HI,2020,12,3318.0,44.0,1455271,0.0022799877136285957,3.0234918444743282e-05
HI,2021,1,4176.0,121.0,1455271,0.0028695686233010894,8.314602572304402e-05
HI,2021,2,1687.0,29.0,1455271,0.0011592342594609526,1.9927559884035344e-05
HI,2021,3,2306.0,24.0,1455271,0.0015845845893995001,1.64917736971327e-05
HI,2021,4,2915.0,20.0,1455271,0.0020030633469642423,1.3743144747610582e-05
HI,2021,5,2341.0,17.0,1455271,0.0016086350927078186,1.1681673035468995e-05
HI,2021,6,1356.0,17.0,1455271,0.0009317852138879975,1.1681673035468995e-05
HI,2021,7,4252.0,20.0,1455271,0.00292179257334201,1.3743144747610582e-05
HI,2021,8,20710.0,52.0,1455271,0.014231026386150758,3.5732176343787516e-05
HI,2021,9,15431.0,191.0,1455271,0.010603523330018945,0.00013124703233968106
HI,2021,10,4802.0,131.0,1455271,0.003299729053901301,9.001759809684931e-05
HI,2021,11,3174.0,99.0,1455271,0.0021810370714457996,6.802856650067239e-05
HI,2021,12,1819.0,40.0,1455271,0.0012499390147951825,2.7486289495221165e-05
IA,2020,1,0.0,0.0,3190369,0.0,0.0
IA,2020,2,0.0,0.0,3190369,0.0,0.0
IA,2020,3,497.0,7.0,3190369,0.00015578135319143334,2.194103566076526e-06
IA,2020,4,6648.0,155.0,3190369,0.002083771501039535,4.858372182026593e-05
IA,2020,5,12407.0,372.0,3190369,0.003888891849187351,0.00011660093236863823
IA,2020,6,9395.0,180.0,3190369,0.0029448004290412804,5.641980598482495e-05
IA,2020,7,15635.0,153.0,3190369,0.004900687036515212,4.795683508710121e-05
IA,2020,8,20241.0,249.0,3190369,0.006344407182993566,7.804739827900786e-05
IA,2020,9,24007.0,230.0,3190369,0.0075248349015427365,7.2091974313943e-05
IA,2020,10,39136.0,370.0,3190369,0.012266919594567275,0.00011597404563547352
IA,2020,11,101482.0,687.0,3190369,0.03180885972751114,0.00021533559284208191
IA,2020,12,51221.0,1488.0,3190369,0.016054882679715107,0.0004664037294745529
IA,2021,1,38578.0,1010.0,3190369,0.012092018196014317,0.00031657780024818447
IA,2021,2,17082.0,570.0,3190369,0.005354239587959888,0.00017866271895194567
IA,2021,3,14670.0,272.0,3190369,0.0045982141877632336,8.525659571040215e-05
IA,2021,4,13843.0,207.0,3190369,0.0043389965235996215,6.48827768825487e-05
IA,2021,5,6582.0,105.0,3190369,0.0020630842388450993,3.291155349114789e-05
IA,2021,6,2437.0,83.0,3190369,0.0007638614843612134,2.601579942633595e-05
IA,2021,7,6373.0,45.0,3190369,0.0019975745752293856,1.4104951496206238e-05
IA,2021,8,26334.0,85.0,3190369,0.00825421761557989,2.664268615950067e-05
IA,2021,9,47250.0,295.0,3190369,0.01481019907101655,9.246579314179645e-05
IA,2021,10,32314.0,402.0,3190369,0.010128608947742408,0.00012600423336610905
IA,2021,11,42089.0,480.0,3190369,0.013192517856084985,0.0001504528159595332
IA,2021,12,24677.0,235.0,3190369,0.007734841957152919,7.36591911468548e-05
ID,2020,1,0.0,0.0,1839106,0.0,0.0
ID,2020,2,0.0,0.0,1839106,0.0,0.0
ID,2020,3,525.0,9.0,1839106,0.0002854647856077899,4.8936820389906835e-06
ID,2020,4,1490.0,54.0,1839106,0.0008101762486773465,2.9362092233944103e-05
ID,2020,5,824.0,19.0,1839106,0.00044804377779203593,1.0331106526758109e-05
ID,2020,6,3278.0,10.0,1839106,0.0017823877470901624,5.4374244877674265e-06
ID,2020,7,14604.0,97.0,1839106,0.007940814721935549,5.274301753134403e-05
ID,2020,8,11367.0,172.0,1839106,0.006180720415245233,9.352370118959973e-05
ID,2020,9,9960.0,108.0,1839106,0.005415674789816356,5.8724184467888205e-05
ID,2020,10,22560.0,160.0,1839106,0.012266829644403314,8.699879180427882e-05
ID,2020,11,37090.0,300.0,1839106,0.020167407425129385,0.0001631227346330228
ID,2020,12,39379.0,507.0,1839106,0.021412033890379347,0.0002756774215298085
ID,2021,1,21606.0,289.0,1839106,0.011748099348270301,0.0001571415676964786
ID,2021,2,8457.0,135.0,1839106,0.004598429889304912,7.340523058486025e-05
ID,2021,3,9396.0,102.0,1839106,0.005109004048706274,5.5461729775227746e-05
ID,2021,4,7120.0,84.0,1839106,0.0038714462352904076,4.567436569724638e-05
ID,2021,5,4422.0,44.0,1839106,0.002404429108490756,2.3924667746176674e-05
ID,2021,6,2920.0,62.0,1839106,0.0015877279504280884,3.371203182415804e-05
ID,2021,7,5775.0,47.0,1839106,0.0031401126416856886,2.5555895092506904e-05
ID,2021,8,20616.0,164.0,1839106,0.011209794323981326,8.917376159938579e-05
ID,2021,9,35933.0,544.0,1839106,0.01953829741189469,0.000295795892134548
ID,2021,10,33994.0,631.0,1839106,0.018483980803716587,0.00034310148517812457
ID,2021,11,15529.0,391.0,1839106,0.008443776487054036,0.00021260329747170635
ID,2021,12,5746.0,120.0,1839106,0.003124344110671163,6.524909385320911e-05
IL,2020,1,2.0,0.0,12812508,1.5609746350987644e-07,0.0
IL,2020,2,0.0,0.0,12812508,0.0,0.0
IL,2020,3,5992.0,99.0,12812508,0.0004676680006755898,7.726824443738885e-06
IL,2020,4,46924.0,2256.0,12812508,0.0036623586888687213,0.00017607793883914064
IL,2020,5,67342.0,3035.0,12812508,0.00525595769384105,0.0002368779008762375
IL,2020,6,23978.0,1734.0,12812508,0.0018714524900199088,0.00013533650086306286
IL,2020,7,35880.0,568.0,12812508,0.0028003884953671835,4.433167963680491e-05
IL,2020,8,56607.0,543.0,12812508,0.004418104558451788,4.238046134293145e-05
IL,2020,9,59038.0,681.0,12812508,0.004607841025348043,5.315118632511293e-05
IL,2020,10,120796.0,1124.0,12812508,0.009427974601069517,8.772677449255056e-05
IL,2020,11,309745.0,2945.0,12812508,0.02417520441743334,0.00022985351501829306
IL,2020,12,237085.0,4993.0,12812508,0.018504183568119528,0.00038969731765240654
IL,2021,1,162912.0,3275.0,12812508,0.012715074987660495,0.00025560959649742265
IL,2021,2,60395.0,1482.0,12812508,0.004713753154339494,0.00011566822046081844
IL,2021,3,57889.0,844.0,12812508,0.004518163032561619,6.587312960116786e-05
IL,2021,4,90470.0,712.0,12812508,0.007061068761869261,5.5570697009516014e-05
IL,2021,5,47131.0,932.0,12812508,0.003678514776341993,7.274141799560242e-05
IL,2021,6,9553.0,451.0,12812508,0.0007455995344549249,3.519997802147714e-05
IL,2021,7,29741.0,246.0,12812508,0.0023212473311236175,1.9199988011714804e-05
IL,2021,8,101462.0,580.0,12812508,0.007918980421319543,4.526826441786417e-05
IL,2021,9,104566.0,1165.0,12812508,0.00816124368468687,9.092677249450303e-05
IL,2021,10,68016.0,955.0,12812508,0.005308562539043878,7.4536538825966e-05
IL,2021,11,114351.0,756.0,12812508,0.00892495052490894,5.90048412067333e-05
IL,2021,12,101774.0,609.0,12812508,0.007943331625627083,4.753167763875738e-05
IN,2020,1,0.0,0.0,6785528,0.0,0.0
IN,2020,2,0.0,0.0,6785528,0.0,0.0
IN,2020,3,2159.0,50.0,6785528,0.00031817715585286805,7.368623340733396e-06
IN,2020,4,15676.0,1055.0,6785528,0.0023102107897867343,0.00015547795248947466
IN,2020,5,16739.0,1016.0,6785528,0.0024668677220107266,0.0001497304262837026
IN,2020,6,11020.0,505.0,6785528,0.0016240445842976405,7.44230957414073e-05
IN,2020,7,20560.0,320.0,6785528,0.0030299779177095725,4.715918938069374e-05
IN,2020,8,28042.0,332.0,6785528,0.004132618714416918,4.892765898246975e-05
IN,2020,9,25823.0,345.0,6785528,0.00380559921055517,5.084350105106043e-05
IN,2020,10,59339.0,693.0,6785528,0.00874493480831558,0.00010212911950256486
IN,2020,11,159628.0,1386.0,6785528,0.023524772132691812,0.00020425823900512973
IN,2020,12,172712.0,2534.0,6785528,0.025452993488494925,0.0003734418309083685
IN,2021,1,115569.0,2813.0,6785528,0.017031688617304357,0.00041455874914966086
IN,2021,2,35331.0,1489.0,6785528,0.005206816625029032,0.00021943760308704055
IN,2021,3,25339.0,474.0,6785528,0.0037342709366168705,6.98545492701526e-05
IN,2021,4,32488.0,293.0,6785528,0.004787836701874932,4.31801327766977e-05
IN,2021,5,23723.0,296.0,6785528,0.0034961170302443673,4.36222501771417e-05
IN,2021,6,9779.0,239.0,6785528,0.0014411553529806375,3.5222019568705633e-05
IN,2021,7,18304.0,164.0,6785528,0.0026975056325756817,2.4169084557605538e-05
IN,2021,8,86335.0,480.0,6785528,0.012723401922444356,7.07387840710406e-05
IN,2021,9,104242.0,1165.0,6785528,0.015362400685694614,0.00017168892383908813
IN,2021,10,55830.0,1080.0,6785528,0.00822780482226291,0.00015916226415984135
IN,2021,11,82547.0,828.0,6785528,0.012165155018150393,0.00012202440252254504
IN,2021,12,65098.0,619.0,6785528,0.009593652844701253,9.122355695827944e-05
KS,2020,1,0.0,0.0,2937880,0.0,0.0
KS,2020,2,0.0,0.0,2937880,0.0,0.0
KS,2020,3,428.0,9.0,2937880,0.0001456832818222664,3.0634334962626113e-06
KS,2020,4,3810.0,120.0,2937880,0.0012968535134178388,4.084577995016815e-05
KS,2020,5,5481.0,79.0,2937880,0.0018656309992239302,2.689013846719403e-05
KS,2020,6,4724.0,62.0,2937880,0.0016079622040382862,2.1103652974253543e-05
KS,2020,7,13369.0,88.0,2937880,0.004550560267948317,2.995357196345664e-05
KS,2020,8,14800.0,88.0,2937880,0.0050376461938540715,2.995357196345664e-05
KS,2020,9,17137.0,232.0,2937880,0.005833117758383596,7.896850790365841e-05
KS,2020,10,25432.0,351.0,2937880,0.008656582297438969,0.00011947390635424183
KS,2020,11,72265.0,531.0,2937880,0.024597669067490845,0.00018074257627949405
KS,2020,12,64987.0,1181.0,2937880,0.022120372513513144,0.00040199055100957154
KS,2021,1,52252.0,1038.0,2937880,0.01778561411630155,0.00035331599656895446
KS,2021,2,18978.0,956.0,2937880,0.006459760099119092,0.0003254047136030062
KS,2021,3,8709.0,178.0,2937880,0.0029643824798834535,6.058790692608275e-05
KS,2021,4,6758.0,69.0,2937880,0.002300298174193636,2.3486323471346685e-05
KS,2021,5,5182.0,94.0,2937880,0.0017638569308480946,3.199586096096505e-05
KS,2021,6,3794.0,80.0,2937880,0.0012914074094244829,2.7230519966778766e-05
KS,2021,7,15394.0,102.0,2937880,0.005239832804607404,3.4718912957642924e-05
KS,2021,8,37573.0,299.0,2937880,0.012789154083897232,0.00010177406837583564
KS,2021,9,39045.0,494.0,2937880,0.013290195651285962,0.00016814846079485888
KS,2021,10,24528.0,364.0,2937880,0.00834887742181437,0.0001238988658488434
KS,2021,11,30644.0,271.0,2937880,0.010430650673274606,9.224338638746307e-05
KS,2021,12,24064.0,189.0,2937880,0.008190940406007053,6.433210342151483e-05
KY,2020,1,0.0,0.0,4505836,0.0,0.0
KY,2020,2,0.0,0.0,4505836,0.0,0.0
KY,2020,3,711.0,22.0,4505836,0.000157795356954847,4.882556755283592e-06
KY,2020,4,4017.0,242.0,4505836,0.0008915104766351905,5.370812430811952e-05
KY,2020,5,5589.0,245.0,4505836,0.00124039135024,5.4373927502021823e-05
KY,2020,6,6465.0,175.0,4505836,0.0014348058828594738,3.88385196443013e-05
KY,2020,7,16964.0,212.0,4505836,0.0037648951271195843,4.705009236909643e-05
KY,2020,8,20183.0,304.0,4505836,0.004479301954176761,6.746805698210054e-05
KY,2020,9,20725.0,315.0,4505836,0.004599590397875111,6.990933535974235e-05
KY,2020,10,36176.0,541.0,4505836,0.008028698780869965,0.00012006650930038289
KY,2020,11,75695.0,1070.0,4505836,0.01679932425414507,0.00023746980582515652
KY,2020,12,89005.0,1735.0,4505836,0.01975327109109164,0.0003850561804735015
KY,2021,1,95177.0,1375.0,4505836,0.021123050195346656,0.0003051597972052245
KY,2021,2,40216.0,645.0,4505836,0.008925313748658407,0.00014314768668899624
KY,2021,3,19235.0,249.0,4505836,0.004268908144903632,5.526166509389157e-05
KY,2021,4,16337.0,169.0,4505836,0.003625742259594002,3.750691325649669e-05
KY,2021,5,11883.0,174.0,4505836,0.002637246451047042,3.861658524633387e-05
KY,2021,6,5536.0,134.0,4505836,0.0012286288271477258,2.9739209327636426e-05
KY,2021,7,20416.0,152.0,4505836,0.004531012668903173,3.373402849105027e-05
KY,2021,8,100782.0,807.0,4505836,0.022366992495954138,0.00017910105915972086
KY,2021,9,117156.0,1622.0,4505836,0.026000946328272934,0.0003599775935031812
KY,2021,10,46316.0,917.0,4505836,0.010279113576259767,0.00020351384293613883
KY,2021,11,38620.0,227.0,4505836,0.008571106449502378,5.0379108338607975e-05
KY,2021,12,30488.0,344.0,4505836,0.0067663359252311895,7.634543290079799e-05
LA,2020,1,0.0,0.0,4657757,0.0,0.0
LA,2020,2,0.0,0.0,4657757,0.0,0.0
LA,2020,3,5237.0,239.0,4657757,0.001124360931667324,5.131225179845149e-05
LA,2020,4,22807.0,1666.0,4657757,0.004896562873503277,0.0003576828932896242
LA,2020,5,11872.0,886.0,4657757,0.002548866332013456,0.00019022031419844358
LA,2020,6,18179.0,430.0,4657757,0.003902951570895605,9.231911411436879e-05
LA,2020,7,58185.0,728.0,4657757,0.012492064313359414,0.00015629840715176854
LA,2020,8,32614.0,1001.0,4657757,0.007002082762153543,0.00021491030983368176
LA,2020,9,18564.0,561.0,4657757,0.003985609382370098,0.00012044423957711834
LA,2020,10,19191.0,408.0,4657757,0.004120223532485701,8.75958106015406e-05
LA,2020,11,45765.0,501.0,4657757,0.009825544784753691,0.0001075625027239506
LA,2020,12,82861.0,1068.0,4657757,0.017789893289838866,0.00022929491598638573
LA,2021,1,85351.0,1371.0,4657757,0.018324485369245327,0.0002943476870948828
LA,2021,2,29474.0,749.0,4657757,0.006327938533504432,0.00016080701505037727
LA,2021,3,14833.0,533.0,4657757,0.003184580045717284,0.00011443276237897339
LA,2021,4,13648.0,241.0,4657757,0.0029301657428672215,5.174164302689041e-05
LA,2021,5,12836.0,194.0,4657757,0.002755832904121018,4.1650949158575686e-05
LA,2021,6,9586.0,162.0,4657757,0.0020580721579077656,3.478068950355289e-05
LA,2021,7,63914.0,270.0,4657757,0.013722055487222712,5.796781583925482e-05
LA,2021,8,144319.0,1527.0,4657757,0.03098465634853858,0.0003278402029131189
LA,2021,9,50833.0,1414.0,4657757,0.010913622157617927,0.00030357959850631965
LA,2021,10,17938.0,598.0,4657757,0.0038512099278687146,0.00012838797730323843
LA,2021,11,12423.0,254.0,4657757,0.00266716361544838,5.453268601174342e-05
LA,2021,12,6802.0,96.0,4657757,0.0014603595679207825,2.061077896506838e-05
MA,2020,1,0.0,0.0,7029917,0.0,0.0
MA,2020,2,1.0,0.0,7029917,1.4224919013979823e-07,0.0
MA,2020,3,6619.0,155.0,7029917,0.0009415473895353245,2.2048624471668728e-05
MA,2020,4,55585.0,3970.0,7029917,0.007906921233920686,0.000564729284854999
MA,2020,5,34760.0,3114.0,7029917,0.004944581849259387,0.0004429639780953317
MA,2020,6,6736.0,887.0,7029917,0.000958190544781681,0.00012617503165400103
MA,2020,7,6086.0,500.0,7029917,0.0008657285711908121,7.112459506989912e-05
MA,2020,8,8997.0,442.0,7029917,0.0012798159636877647,6.287414204179083e-05
MA,2020,9,11627.0,418.0,7029917,0.001653931333755434,5.946016147843566e-05
MA,2020,10,26460.0,542.0,7029917,0.0037639135710990615,7.709906105577064e-05
MA,2020,11,67556.0,820.0,7029917,0.00960978628908421,0.00011664433591463456
MA,2020,12,149046.0,1765.0,7029917,0.02120167279357637,0.0002510698205967439
MA,2021,1,148847.0,2219.0,7029917,0.02117336520473855,0.0003156509529202123
MA,2021,2,57123.0,1387.0,7029917,0.008125700488355694,0.00019729962672390016
MA,2021,3,54432.0,1024.0,7029917,0.007742907917689498,0.00014566317070315339
MA,2021,4,53393.0,367.0,7029917,0.007595111009134247,5.220545278130595e-05
MA,2021,5,18064.0,262.0,7029917,0.0025695893706853155,3.726928781662714e-05
MA,2021,6,2929.0,122.0,7029917,0.000416647877919469,1.7354401197055385e-05
MA,2021,7,10515.0,88.0,7029917,0.0014957502343199785,1.2517928732302246e-05
MA,2021,8,39388.0,164.0,7029917,0.005602911101226373,2.332886718292691e-05
MA,2021,9,52082.0,381.0,7029917,0.007408622320860972,5.419694144326313e-05
MA,2021,10,39971.0,369.0,7029917,0.005685842379077875,5.248995116158555e-05
MA,2021,11,67175.0,408.0,7029917,0.009555589347640947,5.803766957703768e-05
MA,2021,12,66849.0,321.0,7029917,0.009509216111655372,4.566199003487524e-05
MD,2020,1,0.0,0.0,6177224,0.0,0.0
MD,2020,2,0.0,0.0,6177224,0.0,0.0
MD,2020,3,1660.0,44.0,6177224,0.0002687291249273136,7.122940660723976e-06
MD,2020,4,21812.0,1204.0,6177224,0.0035310359475388946,0.0001949095580798106
MD,2020,5,29855.0,1436.0,6177224,0.004833077123316234,0.00023246688156362794
MD,2020,6,14591.0,632.0,6177224,0.0023620642541050804,0.00010231132949039892
MD,2020,7,21447.0,298.0,6177224,0.003471947917057889,4.824173447490329e-05
MD,2020,8,19498.0,266.0,6177224,0.00315643402279082,4.3061413994376764e-05
MD,2020,9,16647.0,184.0,6177224,0.0026948998449789095,2.9786842763027536e-05
MD,2020,10,20635.0,226.0,6177224,0.0033404972848645282,3.65860133937186e-05
MD,2020,11,54990.0,591.0,6177224,0.008902056975754805,9.567404387472431e-05
MD,2020,12,79084.0,1404.0,6177224,0.012802514527561247,0.0002272865610831014
MD,2021,1,75417.0,1315.0,6177224,0.012208882177495911,0.000212878794746637
MD,2021,2,27066.0,770.0,6177224,0.004381579816435344,0.00012465146156266958
MD,2021,3,30226.0,457.0,6177224,0.0048931364638873385,7.398145186251947e-05
MD,2021,4,35412.0,487.0,6177224,0.005732672151762669,7.88380023130131e-05
MD,2021,5,11604.0,300.0,6177224,0.0018785137142509321,4.85655045049362e-05
MD,2021,6,2410.0,130.0,6177224,0.0003901428861896541,2.1045051952139018e-05
MD,2021,7,6467.0,82.0,6177224,0.0010469103921114079,1.3274571231349227e-05
MD,2021,8,29555.0,198.0,6177224,0.004784511618811298,3.205323297325789e-05
MD,2021,9,35494.0,436.0,6177224,0.005745946722994018,7.058186654717394e-05
MD,2021,10,27400.0,435.0,6177224,0.004435649411450839,7.041998153215749e-05
MD,2021,11,26014.0,325.0,6177224,0.004211276780638034,5.261262988034755e-05
MD,2021,12,5395.0,35.0,6177224,0.0008733696560137693,5.66597552557589e-06
ME,2020,1,0.0,0.0,1362359,0.0,0.0
ME,2020,2,0.0,0.0,1362359,0.0,0.0
ME,2020,3,303.0,5.0,1362359,0.0002224083373031631,3.6701045759597874e-06
ME,2020,4,820.0,50.0,1362359,0.0006018971504574051,3.670104575959787e-05
ME,2020,5,1226.0,34.0,1362359,0.0008999096420253399,2.4956711116526554e-05
ME,2020,6,945.0,16.0,1362359,0.0006936497648563999,1.174433464307132e-05
ME,2020,7,643.0,18.0,1362359,0.00047197544846842865,1.3212376473455234e-05
ME,2020,8,611.0,9.0,1362359,0.000448486779182286,6.606188236727617e-06
ME,2020,9,883.0,10.0,1362359,0.0006481404681144984,7.340209151919575e-06
ME,2020,10,1237.0,5.0,1362359,0.0009079838720924514,3.6701045759597874e-06
ME,2020,11,5308.0,67.0,1362359,0.00389618301783891,4.917940131786115e-05
ME,2020,12,12225.0,133.0,1362359,0.00897340568822168,9.762478172053035e-05
ME,2021,1,15341.0,248.0,1362359,0.011260614859959819,0.00018203718696760545
ME,2021,2,5221.0,108.0,1362359,0.00383232319821721,7.927425884073141e-05
ME,2021,3,6025.0,40.0,1362359,0.004422476014031544,2.93608366076783e-05
ME,2021,4,10742.0,41.0,1362359,0.007884852670992008,3.0094857522870258e-05
ME,2021,5,6289.0,41.0,1362359,0.00461625753564222,3.0094857522870258e-05
ME,2021,6,1235.0,34.0,1362359,0.0009065158302620675,2.4956711116526554e-05
ME,2021,7,1409.0,41.0,1362359,0.001034235469505468,3.0094857522870258e-05
ME,2021,8,5826.0,34.0,1362359,0.004276405851908345,2.4956711116526554e-05
ME,2021,9,14438.0,90.0,1362359,0.010597793973541481,6.606188236727617e-05
ME,2021,10,13532.0,143.0,1362359,0.00993277102437757,0.00010496499087244992
ME,2021,11,16341.0,160.0,1362359,0.011994635775151778,0.0001174433464307132
ME,2021,12,12282.0,51.0,1362359,0.009015244880387623,3.743506667478983e-05
MI,2020,1,0.0,0.0,10077331,0.0,0.0
MI,2020,2,0.0,0.0,10077331,0.0,0.0
MI,2020,3,19903.0,558.0,10077331,0.001975026919330128,5.537180430016638e-05
MI,2020,4,34532.0,3944.0,10077331,0.0034267009786619097,0.0003913734698205309
MI,2020,5,43686.0,1430.0,10077331,0.004335076420532381,0.0001419026525972006
MI,2020,6,27082.0,377.0,10077331,0.0026874179284177525,3.741069932108015e-05
MI,2020,7,41363.0,236.0,10077331,0.004104559034530076,2.341889930974779e-05
MI,2020,8,39178.0,290.0,10077331,0.003887735750666521,2.8777461016215504e-05
MI,2020,9,36796.0,290.0,10077331,0.003651363639836778,2.8777461016215504e-05
MI,2020,10,66505.0,672.0,10077331,0.006599465672011766,6.668432345826489e-05
MI,2020,11,173167.0,2377.0,10077331,0.017183815833775828,0.00023587594770877327
MI,2020,12,107516.0,3642.0,10077331,0.010669094822825607,0.0003614052173139892
MI,2021,1,63934.0,2008.0,10077331,0.006344338595209387,0.00019925910938124391
MI,2021,2,34918.0,820.0,10077331,0.0034650047716007345,8.137075183895419e-05
MI,2021,3,110358.0,661.0,10077331,0.01095111394078452,6.559276459213259e-05
MI,2021,4,157899.0,1862.0,10077331,0.01566873212758418,0.00018477114624894232
MI,2021,5,39926.0,1440.0,10077331,0.003961961753563518,0.00014289497883913905
MI,2021,6,6259.0,438.0,10077331,0.0006210969948292857,4.34638893969048e-05
MI,2021,7,13080.0,160.0,10077331,0.001297962724455513,1.587721987101545e-05
MI,2021,8,46562.0,231.0,10077331,0.004620469447713884,2.2922736188778557e-05
MI,2021,9,91984.0,392.0,10077331,0.009127813703846783,3.8899188683987855e-05
MI,2021,10,120455.0,694.0,10077331,0.011953065747269788,6.886744119052952e-05
MI,2021,11,209153.0,1057.0,10077331,0.02075480104801559,0.00010488888377289582
MI,2021,12,107644.0,851.0,10077331,0.01068179659872242,8.444696318896343e-05
MN,2020,1,0.0,0.0,5706494,0.0,0.0
MN,2020,2,0.0,0.0,5706494,0.0,0.0
MN,2020,3,689.0,17.0,5706494,0.00012073963452866156,2.9790621001266278e-06
MN,2020,4,4447.0,326.0,5706494,0.0007792875976037125,5.7127896743604744e-05
MN,2020,5,20072.0,717.0,5706494,0.003517396145514216,0.0001256463250465172
MN,2020,6,11508.0,422.0,5706494,0.0020166498028386607,7.395083566196688e-05
MN,2020,7,18472.0,164.0,5706494,0.0032370138302081804,2.8739187318868645e-05
MN,2020,8,20676.0,220.0,5706494,0.0036232404695422443,3.855256835457989e-05
MN,2020,9,23270.0,223.0,5706494,0.0040778102982321545,3.90782851957787e-05
MN,2020,10,49338.0,422.0,5706494,0.008645939170355738,7.395083566196688e-05
MN,2020,11,170291.0,1141.0,5706494,0.029841615534862562,0.0001999476386026166
MN,2020,12,96539.0,1730.0,5706494,0.016917392710830852,0.00030316337842465095
MN,2021,1,46505.0,886.0,5706494,0.00814948723331699,0.0001552617071007172
MN,2021,2,22787.0,283.0,5706494,0.003993169886799145,4.9592622019755035e-05
MN,2021,3,34044.0,237.0,5706494,0.005965834713924171,4.153163045470651e-05
MN,2021,4,56283.0,311.0,5706494,0.009862973657730999,5.449931253761066e-05
MN,2021,5,25638.0,282.0,5706494,0.004492776124885087,4.941738307268876e-05
MN,2021,6,3915.0,168.0,5706494,0.0006860604777644558,2.944014310713373e-05
MN,2021,7,7543.0,76.0,5706494,0.0013218273777208913,1.3318159977036689e-05
MN,2021,8,37056.0,136.0,5706494,0.006493654422487783,2.3832496801013022e-05
MN,2021,9,61130.0,296.0,5706494,0.01071235683416122,5.187072833161658e-05
MN,2021,10,76456.0,537.0,5706494,0.013398068936898908,9.410331457458818e-05
MN,2021,11,116866.0,713.0,5706494,0.02047947478784697,0.0001249453692582521
MN,2021,12,57080.0,582.0,5706494,0.010002639098542819,0.00010198906719257043
MO,2020,1,0.0,0.0,6154913,0.0,0.0
MO,2020,2,0.0,0.0,6154913,0.0,0.0
MO,2020,3,2558.0,32.0,6154913,0.0004156029500335748,5.199098671256604e-06
MO,2020,4,6142.0,446.0,6154913,0.0009979020012143144,7.246243773063892e-05
MO,2020,5,5393.0,418.0,6154913,0.0008762105979402146,6.79132263932894e-05
MO,2020,6,11267.0,213.0,6154913,0.0018305701477827551,3.460650053055177e-05
MO,2020,7,30375.0,286.0,6154913,0.004935081941856855,4.64669443743559e-05
MO,2020,8,35304.0,486.0,6154913,0.005735905609063848,7.896131106970968e-05
MO,2020,9,46213.0,644.0,6154913,0.00750831084046192,0.00010463186075903917
MO,2020,10,65625.0,980.0,6154913,0.010662214071912958,0.00015922239680723352
MO,2020,11,135242.0,1599.0,6154913,0.021973015703065178,0.00025979246172935344
MO,2020,12,111450.0,1752.0,6154913,0.01810748584098589,0.0002846506522512991
MO,2021,1,76800.0,1249.0,6154913,0.01247783681101585,0.00020292732001248433
MO,2021,2,24690.0,463.0,6154913,0.0040114295685414235,7.5224458899744e-05
MO,2021,3,17032.0,236.0,6154913,0.0027672202677763275,3.8343352700517455e-05
MO,2021,4,17582.0,155.0,6154913,0.0028565797761885506,2.5183134188899178e-05
MO,2021,5,14044.0,121.0,6154913,0.0022817544293477422,1.9659091850689034e-05
MO,2021,6,20308.0,235.0,6154913,0.0032994779942462226,3.818088086704069e-05
MO,2021,7,61493.0,352.0,6154913,0.009990880455986948,5.7190085383822645e-05
MO,2021,8,79045.0,955.0,6154913,0.012842586077171196,0.00015516060097031428
MO,2021,9,61059.0,893.0,6154913,0.009920367680258032,0.0001450873472947546
MO,2021,10,33639.0,540.0,6154913,0.005465390006325029,8.77347900774552e-05
MO,2021,11,44513.0,609.0,6154913,0.007232108723551413,9.894534658735225e-05
MO,2021,12,35242.0,245.0,6154913,0.005725832355388289,3.980559920180838e-05
MS,2020,1,0.0,0.0,2961279,0.0,0.0
MS,2020,2,0.0,0.0,2961279,0.0,0.0
MS,2020,3,2242.0,153.0,2961279,0.0007571052913285105,5.166686421644161e-05
MS,2020,4,6218.0,427.0,2961279,0.0020997683771100256,0.0001441944511138599
MS,2020,5,8987.0,440.0,2961279,0.003034837311850724,0.00014858444611264254
MS,2020,6,15389.0,391.0,2961279,0.005196741002789673,0.0001320375418864619
MS,2020,7,31944.0,852.0,2961279,0.010787230787777848,0.0002877135183817533
MS,2020,8,21714.0,608.0,2961279,0.0073326424156589095,0.00020531668917383333
MS,2020,9,15005.0,379.0,2961279,0.0050670673043640944,0.00012798523881066254
MS,2020,10,21304.0,436.0,2961279,0.007194188727235765,0.00014723367842070943
MS,2020,11,36049.0,719.0,2961279,0.012173456131624207,0.00024280049262497723
MS,2020,12,63076.0,1241.0,2961279,0.021300255734093276,0.00041907567642224865
MS,2021,1,55973.0,1048.0,2961279,0.01890163000514305,0.00035390113528647587
MS,2021,2,18619.0,329.0,2961279,0.006287485914025662,0.00011110064266149863
MS,2021,3,9712.0,178.0,2961279,0.0032796639560136007,6.010916229102357e-05
MS,2021,4,6746.0,115.0,2961279,0.0022780697124451968,3.883457114307703e-05
MS,2021,5,5132.0,100.0,2961279,0.0017330349487501852,3.376919229832785e-05
MS,2021,6,4189.0,70.0,2961279,0.0014145914653769538,2.3638434608829495e-05
MS,2021,7,24532.0,278.0,2961279,0.008284258254625788,9.387835458935142e-05
MS,2021,8,92830.0,464.0,2961279,0.031347941210537744,0.00015668905226424122
MS,2021,9,49555.0,599.0,2961279,0.016734323243436367,0.00020227746186698381
MS,2021,10,15102.0,188.0,2961279,0.005099823420893472,6.348608152085636e-05
MS,2021,11,9853.0,113.0,2961279,0.003327278517154243,3.815918729711047e-05
MS,2021,12,6088.0,49.0,2961279,0.0020558684271221998,1.6546904226180647e-05
MT,2020,1,0.0,0.0,1084225,0.0,0.0
MT,2020,2,0.0,0.0,1084225,0.0,0.0
MT,2020,3,203.0,5.0,1084225,0.00018723051027231432,4.611588922963407e-06
MT,2020,4,250.0,11.0,1084225,0.00023057944614817034,1.0145495630519496e-05
MT,2020,5,62.0,1.0,1084225,5.7183702644746245e-05,9.223177845926814e-07
MT,2020,6,503.0,5.0,1084225,0.00046392584565011874,4.611588922963407e-06
MT,2020,7,2947.0,38.0,1084225,0.002718070511194632,3.504807581452189e-05
MT,2020,8,3528.0,45.0,1084225,0.00325393714404298,4.1504300306670666e-05
MT,2020,9,5900.0,76.0,1084225,0.00544167492909682,7.009615162904378e-05
MT,2020,10,19408.0,194.0,1084225,0.01790034356337476,0.0001789296502109802
MT,2020,11,29397.0,306.0,1084225,0.027113375913671054,0.0002822292420853605
MT,2020,12,19357.0,280.0,1084225,0.017853305356360535,0.0002582489796859508
MT,2021,1,12394.0,272.0,1084225,0.011431206622241693,0.0002508704374092093
MT,2021,2,6005.0,124.0,1084225,0.0055385182964790515,0.00011436740528949249
MT,2021,3,4598.0,80.0,1084225,0.004240817173557149,7.378542276741451e-05
MT,2021,4,4193.0,108.0,1084225,0.003867278470797113,9.961032073600959e-05
MT,2021,5,3012.0,42.0,1084225,0.0027780211671931563,3.8737346952892616e-05
MT,2021,6,1926.0,52.0,1084225,0.0017763840531255044,4.7960524798819434e-05
MT,2021,7,2699.0,40.0,1084225,0.002489335700615647,3.689271138370726e-05
MT,2021,8,10773.0,95.0,1084225,0.009936129493416957,8.762018953630473e-05
MT,2021,9,23806.0,209.0,1084225,0.021956697180013373,0.00019276441697987042
MT,2021,10,24814.0,337.0,1084225,0.022886393506882798,0.0003108210934077336
MT,2021,11,15165.0,325.0,1084225,0.013986949203348014,0.00029975327999262147
MT,2021,12,3096.0,182.0,1084225,0.0028554958610989417,0.00016786183679586803
NC,2020,1,0.0,0.0,10439388,0.0,0.0
NC,2020,2,0.0,0.0,10439388,0.0,0.0
NC,2020,3,1427.0,13.0,10439388,0.00013669383684177655,1.245283727360263e-06
NC,2020,4,9281.0,420.0,10439388,0.0008890367902792769,4.023224349933157e-05
NC,2020,5,17976.0,554.0,10439388,0.0017219400217713913,5.3068244996737355e-05
NC,2020,6,36281.0,460.0,10439388,0.003475395300950592,4.406388573736315e-05
NC,2020,7,57813.0,653.0,10439388,0.005537968317682991,6.255155953586551e-05
NC,2020,8,47630.0,881.0,10439388,0.004562527994936102,8.43919202926455e-05
NC,2020,9,40186.0,852.0,10439388,0.003849459374438425,8.161397967007261e-05
NC,2020,10,63736.0,898.0,10439388,0.006105338742079517,8.602036824380893e-05
NC,2020,11,92241.0,1128.0,10439388,0.00883586279195677,0.00010805231111249051
NC,2020,12,183574.0,2058.0,10439388,0.017584747305110223,0.0001971379931467247
NC,2021,1,213967.0,3039.0,10439388,0.020496124868622567,0.00029110901903444915
NC,2021,2,95400.0,1345.0,10439388,0.009138466737705313,0.00012883897025381183
NC,2021,3,51845.0,456.0,10439388,0.004966287295768679,4.3680721513559993e-05
NC,2021,4,54855.0,338.0,10439388,0.005254618374180555,3.2377376911366835e-05
NC,2021,5,31888.0,353.0,10439388,0.003054585192158774,3.381424275062868e-05
NC,2021,6,12437.0,171.0,10439388,0.0011913533628599684,1.6380270567584995e-05
NC,2021,7,43854.0,212.0,10439388,0.0042008209676659206,2.0307703861567365e-05
NC,2021,8,168618.0,1197.0,10439388,0.016152096272310217,0.00011466189397309498
NC,2021,9,181063.0,2090.0,10439388,0.01734421596361779,0.00020020330693714997
NC,2021,10,79241.0,1277.0,10439388,0.007590579064596507,0.00012232517844915812
NC,2021,11,52778.0,509.0,10439388,0.0050556603509707655,4.875764747895183e-05
NC,2021,12,41063.0,129.0,10439388,0.003933468130507267,1.2357046217651839e-05
ND,2020,1,0.0,0.0,779094,0.0,0.0
ND,2020,2,0.0,0.0,779094,0.0,0.0
ND,2020,3,126.0,3.0,779094,0.00016172631287110414,3.8506264969310506e-06
ND,2020,4,941.0,16.0,779094,0.0012078131778707063,2.053667465029894e-05
ND,2020,5,1510.0,42.0,779094,0.0019381486701219623,5.390877095703471e-05
ND,2020,6,999.0,18.0,779094,0.00128225862347804,2.3103758981586305e-05
ND,2020,7,3026.0,24.0,779094,0.0038839985932377866,3.0805011975448405e-05
ND,2020,8,5398.0,42.0,779094,0.0069285606101446035,5.390877095703471e-05
ND,2020,9,10218.0,111.0,779094,0.013115233848547158,0.00014247318038644886
ND,2020,10,22825.0,275.0,779094,0.029296849930817076,0.00035297409555201296
ND,2020,11,34612.0,423.0,779094,0.04442596143725917,0.0005429383360672781
ND,2020,12,13115.0,355.0,779094,0.01683365550241691,0.00045565746880350767
ND,2021,1,4913.0,113.0,779094,0.0063060426598074175,0.00014504026471773624
ND,2021,2,2169.0,23.0,779094,0.0027840029572811496,2.952146980980472e-05
ND,2021,3,3447.0,21.0,779094,0.004424369844973778,2.6954385478517355e-05
ND,2021,4,4340.0,28.0,779094,0.005570572998893587,3.593918063802314e-05
ND,2021,5,2323.0,18.0,779094,0.002981668450790277,2.3103758981586305e-05
ND,2021,6,756.0,16.0,779094,0.0009703578772266248,2.053667465029894e-05
ND,2021,7,940.0,11.0,779094,0.0012065296357050626,1.4118963822080519e-05
ND,2021,8,6297.0,22.0,779094,0.008082465017058275,2.8237927644161038e-05
ND,2021,9,14853.0,50.0,779094,0.01906445178630563,6.417710828218418e-05
ND,2021,10,15586.0,151.0,779094,0.02000528819372245,0.00019381486701219622
ND,2021,11,14582.0,136.0,779094,0.018716611859416192,0.00017456173452754098
ND,2021,12,5277.0,70.0,779094,0.0067732520081017185,8.984795159505785e-05
NE,2020,1,0.0,0.0,1961504,0.0,0.0
NE,2020,2,0.0,0.0,1961504,0.0,0.0
NE,2020,3,180.0,3.0,1961504,9.176631809060803e-05,1.529438634843467e-06
NE,2020,4,4281.0,67.0,1961504,0.0021825089319216276,3.415746284483743e-05
NE,2020,5,9605.0,100.0,1961504,0.0048967526958905005,5.098128782811557e-05
NE,2020,6,5065.0,104.0,1961504,0.0025822022284940536,5.302053934124019e-05
NE,2020,7,7035.0,39.0,1961504,0.0035865335987079303,1.9882702252965072e-05
NE,2020,8,8196.0,84.0,1961504,0.004178426350392352,4.2824281775617076e-05
NE,2020,9,11262.0,81.0,1961504,0.005741512635202375,4.129484314077361e-05
NE,2020,10,25957.0,174.0,1961504,0.013233212881543959,8.870744082092108e-05
NE,2020,11,55761.0,366.0,1961504,0.02842767590583552,0.00018659151345090297
NE,2020,12,39891.0,633.0,1961504,0.02033694552751358,0.00032271155195197154
NE,2021,1,24421.0,270.0,1961504,0.012450140300504103,0.00013764947713591205
NE,2021,2,9801.0,161.0,1961504,0.004996676020033607,8.207987340326606e-05
NE,2021,3,9560.0,98.0,1961504,0.004873811116367848,4.996166207155326e-05
NE,2021,4,9251.0,65.0,1961504,0.004716278936978971,3.313783708827512e-05
NE,2021,5,3255.0,4.0,1961504,0.0016594409188051618,2.0392515131246226e-06
NE,2021,6,1170.0,11.0,1961504,0.0005964810675889522,5.607941661092712e-06
NE,2021,7,4203.0,20.0,1961504,0.0021427435274156974,1.0196257565623113e-05
NE,2021,8,16171.0,42.0,1961504,0.00824418405468457,2.1412140887808538e-05
NE,2021,9,22014.0,123.0,1961504,0.011223020702481361,6.270698402858215e-05
NE,2021,10,17687.0,135.0,1961504,0.0090170603781588,6.882473856795602e-05
NE,2021,11,26446.0,183.0,1961504,0.013482511379023444,9.329575672545149e-05
NE,2021,12,13508.0,118.0,1961504,0.006886552359821851,6.015791963717637e-05
NH,2020,1,0.0,0.0,1377529,0.0,0.0
NH,2020,2,0.0,0.0,1377529,0.0,0.0
NH,2020,3,367.0,3.0,1377529,0.00026641907357304273,2.177812590515336e-06
NH,2020,4,1779.0,69.0,1377529,0.0012914428661755942,5.008968958185272e-05
NH,2020,5,2505.0,173.0,1377529,0.0018184735130803054,0.0001255871927197177
NH,2020,6,1131.0,126.0,1377529,0.0008210353466242816,9.14681288016441e-05
NH,2020,7,801.0,44.0,1377529,0.0005814759616675946,3.194125132755826e-05
NH,2020,8,692.0,17.0,1377529,0.0005023487708788708,1.2340938012920235e-05
NH,2020,9,991.0,7.0,1377529,0.0007194040924002326,5.08156271120245e-06
NH,2020,10,2818.0,44.0,1377529,0.002045691960024072,3.194125132755826e-05
NH,2020,11,9910.0,43.0,1377529,0.007194040924002326,3.121531379738648e-05
NH,2020,12,23034.0,232.0,1377529,0.01672124506997675,0.00016841750699985263
NH,2021,1,21667.0,299.0,1377529,0.015728888466231928,0.0002170553215213618
NH,2021,2,9729.0,113.0,1377529,0.007062646231041234,8.203094090941098e-05
NH,2021,3,8752.0,68.0,1377529,0.006353405264063406,4.936375205168094e-05
NH,2021,4,10710.0,65.0,1377529,0.007774790948139749,4.718593946116561e-05
NH,2021,5,3860.0,50.0,1377529,0.0028021188664630655,3.629687650858893e-05
NH,2021,6,758.0,19.0,1377529,0.0005502606478702082,1.3792813073263793e-05
NH,2021,7,1262.0,15.0,1377529,0.0009161331630767846,1.088906295257668e-05
NH,2021,8,6923.0,30.0,1377529,0.005025665521379223,2.177812590515336e-05
NH,2021,9,12579.0,64.0,1377529,0.009131568192030802,4.646000193099383e-05
NH,2021,10,14249.0,84.0,1377529,0.010343883867417674,6.09787525344294e-05
NH,2021,11,26727.0,151.0,1377529,0.019402132368901127,0.00010961656705593857
NH,2021,12,17723.0,94.0,1377529,0.012865790847234432,6.823812783614719e-05
NJ,2020,1,0.0,0.0,9288994,0.0,0.0
NJ,2020,2,0.0,0.0,9288994,0.0,0.0
NJ,2020,3,18696.0,267.0,9288994,0.0020127044973869074,2.8743693881167326e-05
NJ,2020,4,99957.0,6961.0,9288994,0.010760799285692294,0.000749381472310134
NJ,2020,5,42154.0,4470.0,9288994,0.004538058696130065,0.00048121465037010466
NJ,2020,6,11871.0,1513.0,9288994,0.0012779640077278552,0.0001628809319932815
NJ,2020,7,11286.0,784.0,9288994,0.001214986251471365,8.440095881211678e-05
NJ,2020,8,11506.0,126.0,9288994,0.0012386701939951733,1.3564439809090198e-05
NJ,2020,9,15118.0,177.0,9288994,0.0016275174685224255,1.9054808303245755e-05
NJ,2020,10,39343.0,228.0,9288994,0.004235442503246315,2.454517679740131e-05
NJ,2020,11,117852.0,643.0,9288994,0.012687272701435699,6.922170474003966e-05
NJ,2020,12,160001.0,2049.0,9288994,0.01722479312614477,0.00022058362832401443
NJ,2021,1,169045.0,2442.0,9288994,0.018198418472441687,0.00026289176201427195
NJ,2021,2,92527.0,1768.0,9288994,0.009960927954092768,0.0001903327744640593
NJ,2021,3,119460.0,1309.0,9288994,0.012860380790427898,0.00014091945801665928
NJ,2021,4,97412.0,993.0,9288994,0.010486819132405512,0.00010690070420973466
NJ,2021,5,19109.0,658.0,9288994,0.0020571657167611475,7.083651900302659e-05
NJ,2021,6,7063.0,245.0,9288994,0.000760362209298445,2.6375299628786498e-05
NJ,2021,7,15958.0,145.0,9288994,0.0017179470672496935,1.560987120887364e-05
NJ,2021,8,52613.0,280.0,9288994,0.005664014854568751,3.0143199575755996e-05
NJ,2021,9,62604.0,545.0,9288994,0.0067395888080022445,5.8671584888525065e-05
NJ,2021,10,44347.0,545.0,9288994,0.0047741445413787545,5.8671584888525065e-05
NJ,2021,11,53788.0,418.0,9288994,0.005790508638502727,4.499949079523574e-05
NJ,2021,12,58414.0,223.0,9288994,0.006288517357207896,2.400690537640567e-05
NM,2020,1,0.0,0.0,2117522,0.0,0.0
NM,2020,2,0.0,0.0,2117522,0.0,0.0
NM,2020,3,315.0,5.0,2117522,0.00014875878503269388,2.361250556074506e-06
NM,2020,4,3096.0,118.0,2117522,0.001462086344321334,5.5725513123358344e-05
NM,2020,5,4278.0,223.0,2117522,0.002020285975777347,0.00010531177480092296
NM,2020,6,4458.0,133.0,2117522,0.0021052909957960295,6.280926479158186e-05
NM,2020,7,8453.0,135.0,2117522,0.00399193019009956,6.375376501401166e-05
NM,2020,8,4752.0,125.0,2117522,0.0022441325284932104,5.903126390186265e-05
NM,2020,9,4083.0,88.0,2117522,0.0019281972040904416,4.15580097869113e-05
NM,2020,10,17055.0,135.0,2117522,0.008054225646770139,6.375376501401166e-05
NM,2020,11,50605.0,535.0,2117522,0.023898216878030076,0.00025265380949997214
NM,2020,12,45769.0,888.0,2117522,0.02161441534019481,0.00041935809875883227
NM,2021,1,31200.0,794.0,2117522,0.014734203469904917,0.00037496658830463153
NM,2021,2,11068.0,422.0,2117522,0.0052268642309265265,0.0001992895469326883
NM,2021,3,6520.0,224.0,2117522,0.0030790707251211556,0.00010578402491213787
NM,2021,4,6081.0,130.0,2117522,0.002871752926297814,6.139251445793716e-05
NM,2021,5,5415.0,87.0,2117522,0.00255723435222869,4.1085759675696403e-05
NM,2021,6,2394.0,78.0,2117522,0.0011305667662484735,3.6835508674762294e-05
NM,2021,7,5232.0,70.0,2117522,0.0024708125818763632,3.3057507785043084e-05
NM,2021,8,21840.0,110.0,2117522,0.010313942428933442,5.1947512233639134e-05
NM,2021,9,20410.0,283.0,2117522,0.009638624769896133,0.00013364678147381704
NM,2021,10,22185.0,249.0,2117522,0.010476868717302582,0.0001175902776925104
NM,2021,11,39055.0,318.0,2117522,0.018443728093497966,0.0001501755353663386
NM,2021,12,18711.0,124.0,2117522,0.008836271830942016,5.855901379064775e-05
NV,2020,1,0.0,0.0,3104614,0.0,0.0
NV,2020,2,0.0,0.0,3104614,0.0,0.0
NV,2020,3,1113.0,26.0,3104614,0.0003584986732650178,8.374632079865646e-06
NV,2020,4,3894.0,226.0,3104614,0.001254262204576801,7.279487884806292e-05
NV,2020,5,3603.0,186.0,3104614,0.001160530745529074,5.991082949442346e-05
NV,2020,6,10074.0,91.0,3104614,0.0032448478297140964,2.9311212279529757e-05
NV,2020,7,29628.0,327.0,3104614,0.009543215356240744,0.00010532710346600253
NV,2020,8,21172.0,478.0,3104614,0.006819527322881363,0.00015396438977599146
NV,2020,9,10601.0,308.0,3104614,0.003414595179948296,9.920718002302379e-05
NV,2020,10,20678.0,135.0,3104614,0.0066604093133639155,4.3483666568533155e-05
NV,2020,11,51406.0,367.0,3104614,0.016557936026829746,0.00011821115281964199
NV,2020,12,72562.0,981.0,3104614,0.02337230972996965,0.0003159813103980076
NV,2021,1,53577.0,1145.0,3104614,0.017257217805498527,0.00036880591274792937
NV,2021,2,15446.0,687.0,3104614,0.004975175657907875,0.00022128354764875763
NV,2021,3,10008.0,292.0,3104614,0.0032235891482805916,9.405356028156801e-05
NV,2021,4,11676.0,215.0,3104614,0.0037608540063273567,6.925176527581207e-05
NV,2021,5,8694.0,122.0,3104614,0.0028003481270135354,3.929635052860033e-05
NV,2021,6,9580.0,95.0,3104614,0.003085729820196649,3.0599617214893706e-05
NV,2021,7,23532.0,233.0,3104614,0.007579686234746091,7.504958748494981e-05
NV,2021,8,33356.0,596.0,3104614,0.01074400875599994,0.00019197233536922786
NV,2021,9,30719.0,640.0,3104614,0.00989462780236126,0.00020614478965823126
NV,2021,10,18313.0,481.0,3104614,0.005898639895329983,0.00015493069347751444
NV,2021,11,21319.0,386.0,3104614,0.006866876204255988,0.00012433107626262074
NV,2021,12,9974.0,210.0,3104614,0.003212637706329998,6.764125910660714e-05
NY,2020,1,0.0,0.0,20201249,0.0,0.0
NY,2020,2,0.0,0.0,20201249,0.0,0.0
NY,2020,3,32656.0,211.0,20201249,0.0016165337103661265,1.0444898728786523e-05
NY,2020,4,104238.0,5134.0,20201249,0.005159977979579382,0.00025414270177056875
NY,2020,5,30573.0,2785.0,20201249,0.0015134212741004282,0.00013786276284204012
NY,2020,6,10808.0,550.0,20201249,0.0005350164239844774,2.72260393404388e-05
NY,2020,7,11591.0,161.0,20201249,0.0005737764036273203,7.969804243292086e-06
NY,2020,8,10653.0,111.0,20201249,0.0005273436310794447,5.494709757797649e-06
NY,2020,9,14089.0,89.0,20201249,0.0006974321241226223,4.405668184180097e-06
NY,2020,10,29663.0,222.0,20201249,0.0014683745544644294,1.0989419515595298e-05
NY,2020,11,91730.0,739.0,20201249,0.004540808343088093,3.658189649560777e-05
NY,2020,12,212153.0,2564.0,20201249,0.010501974407622024,0.0001269228452161547
NY,2021,1,263125.0,3654.0,20201249,0.013025184729914471,0.00018087990499993342
NY,2021,2,107667.0,1783.0,20201249,0.00532971995939459,8.826186935273161e-05
NY,2021,3,107227.0,781.0,20201249,0.005307939127922239,3.8660975863423095e-05
NY,2021,4,92985.0,625.0,20201249,0.004602933214674003,3.093868106868046e-05
NY,2021,5,32062.0,371.0,20201249,0.0015871295878784526,1.836520108236872e-05
NY,2021,6,6255.0,150.0,20201249,0.00030963432013535403,7.425283456483309e-06
NY,2021,7,15309.0,55.0,20201249,0.0007578244295686865,2.72260393404388e-06
NY,2021,8,70452.0,305.0,20201249,0.003487507133841081,1.5098076361516062e-05
NY,2021,9,97576.0,678.0,20201249,0.004830196390332103,3.356228122330456e-05
NY,2021,10,97641.0,792.0,20201249,0.004833414013163245,3.9205496650231874e-05
NY,2021,11,131053.0,783.0,20201249,0.006487371152150047,3.875997964284287e-05
NY,2021,12,100546.0,575.0,20201249,0.004977217002770472,2.846358658318602e-05
OH,2020,1,0.0,0.0,11799448,0.0,0.0
OH,2020,2,0.0,0.0,11799448,0.0,0.0
OH,2020,3,2199.0,55.0,11799448,0.0001863646502785554,4.6612350001457696e-06
OH,2020,4,15828.0,920.0,11799448,0.001341418683314677,7.796974909334742e-05
OH,2020,5,17486.0,1180.0,11799448,0.0014819337311372531,0.0001000046781849456
OH,2020,6,16276.0,708.0,11799448,0.0013793865611340464,6.000280691096736e-05
OH,2020,7,39370.0,626.0,11799448,0.003336596762831617,5.30533292743864e-05
OH,2020,8,31998.0,649.0,11799448,0.0027118217733575335,5.500257300172008e-05
OH,2020,9,30830.0,666.0,11799448,0.0026128340918998923,5.64433183654015e-05
OH,2020,10,61710.0,497.0,11799448,0.005229905670163553,4.212061445586268e-05
OH,2020,11,205366.0,1128.0,11799448,0.0174047124916352,9.559769236662596e-05
OH,2020,12,279317.0,2533.0,11799448,0.023672039573376654,0.00021467105918853154
OH,2021,1,195412.0,2213.0,11799448,0.016561113706336093,0.0001875511464604107
OH,2021,2,71630.0,2359.0,11799448,0.0060706229647353,0.0001999246066426158
OH,2021,3,50144.0,1314.0,11799448,0.004249690324496536,0.00011136114163984621
OH,2021,4,54746.0,673.0,11799448,0.004639708569417824,5.703656645632914e-05
OH,2021,5,29932.0,577.0,11799448,0.002536728836806603,4.890059263789289e-05
OH,2021,6,9080.0,448.0,11799448,0.0007695275236604288,3.796787781936918e-05
OH,2021,7,17711.0,183.0,11799448,0.0015010024197742132,1.5509200091394107e-05
OH,2021,8,91623.0,374.0,11799448,0.007765024262151924,3.169639800099123e-05
OH,2021,9,193072.0,1079.0,11799448,0.016362799344511708,9.144495573013246e-05
OH,2021,10,131355.0,2582.0,11799448,0.011132300426257229,0.00021882379582502504
OH,2021,11,144890.0,2060.0,11799448,0.012279387984929465,0.00017458443818727792
OH,2021,12,105009.0,1007.0,11799448,0.008899484111460128,8.534297536630527e-05
OK,2020,1,0.0,0.0,3959353,0.0,0.0
OK,2020,2,28.0,0.0,3959353,7.0718624987466385e-06,0.0
OK,2020,3,1627.0,31.0,3959353,0.0004109257244807422,7.829562052183779e-06
OK,2020,4,2789.0,209.0,3959353,0.0007044080181787277,5.278640222278741e-05
OK,2020,5,2983.0,124.0,3959353,0.0007534059226343294,3.1318248208735114e-05
OK,2020,6,11587.0,74.0,3959353,0.0029264882418920464,1.8689922318116117e-05
OK,2020,7,23629.0,229.0,3959353,0.005967894249388726,5.783773257903501e-05
OK,2020,8,20734.0,361.0,3959353,0.005236714180321886,9.117651293026916e-05
OK,2020,9,30917.0,346.0,3959353,0.007808599031205351,8.738801516308346e-05
OK,2020,10,39651.0,572.0,3959353,0.010014514997778678,0.00014446804818868134
OK,2020,11,85987.0,1002.0,3959353,0.021717437167133116,0.0002530716508480047
OK,2020,12,105592.0,1616.0,3959353,0.026669003748844823,0.000408147492784806
OK,2021,1,83375.0,1678.0,3959353,0.021057733422607177,0.0004238066168891736
OK,2021,2,24269.0,671.0,3959353,0.006129536820788649,0.00016947213345210694
OK,2021,3,9213.0,237.0,3959353,0.0023268953286054565,5.985826472153405e-05
OK,2021,4,6789.0,106.0,3959353,0.0017146740894282476,2.6772050888112274e-05
OK,2021,5,4072.0,60.0,3959353,0.001028450860532011,1.5153991068742797e-05
OK,2021,6,4938.0,77.0,3959353,0.0012471734649575322,1.9447621871553258e-05
OK,2021,7,26187.0,122.0,3959353,0.006613959401952794,3.081311517311035e-05
OK,2021,8,70129.0,541.0,3959353,0.017712237327664394,0.00013663848613649755
OK,2021,9,60721.0,953.0,3959353,0.015336091528085523,0.0002406958914751981
OK,2021,10,29467.0,787.0,3959353,0.0074423775803774,0.00019876984951834302
OK,2021,11,22828.0,475.0,3959353,0.0057655884686210095,0.00011996909596088048
OK,2021,12,16828.0,67.0,3959353,0.0042501893617467295,1.6921956693429456e-05
OR,2020,1,0.0,0.0,4237256,0.0,0.0
OR,2020,2,1.0,0.0,4237256,2.3600178983757413e-07,0.0
OR,2020,3,689.0,18.0,4237256,0.00016260523319808857,4.248032217076335e-06
OR,2020,4,1820.0,85.0,4237256,0.0004295232575043849,2.00601521361938e-05
OR,2020,5,1733.0,50.0,4237256,0.00040899110178851597,1.1800089491878706e-05
OR,2020,6,4413.0,54.0,4237256,0.0010414758985532147,1.2744096651229002e-05
OR,2020,7,9837.0,115.0,4237256,0.0023215496066322167,2.7140205831321023e-05
OR,2020,8,8220.0,137.0,4237256,0.0019399347124648594,3.2332245207747656e-05
OR,2020,9,6796.0,100.0,4237256,0.0016038681637361538,2.3600178983757412e-05
OR,2020,10,11412.0,130.0,4237256,0.002693252425626396,3.0680232678884634e-05
OR,2020,11,30510.0,223.0,4237256,0.007200414607944386,5.262839913377903e-05
OR,2020,12,38478.0,565.0,4237256,0.009080876869370178,0.00013334101125822938
OR,2021,1,28507.0,480.0,4237256,0.006727703022899725,0.00011328085912203558
OR,2021,2,13181.0,251.0,4237256,0.0031107395918490645,5.9236449249231105e-05
OR,2021,3,9415.0,175.0,4237256,0.0022219568513207606,4.1300313221575475e-05
OR,2021,4,19800.0,112.0,4237256,0.004672835438783968,2.6432200461808303e-05
OR,2021,5,16663.0,176.0,4237256,0.003932497824063498,4.153631501141305e-05
OR,2021,6,7162.0,103.0,4237256,0.0016902448188167059,2.4308184353270136e-05
OR,2021,7,11799.0,85.0,4237256,0.0027845851182935373,2.00601521361938e-05
OR,2021,8,55851.0,339.0,4237256,0.013180935964218352,8.000460675493764e-05
OR,2021,9,53767.0,593.0,4237256,0.012689108234196849,0.00013994906137368147
OR,2021,10,34999.0,581.0,4237256,0.008259826642525257,0.00013711703989563058
OR,2021,11,26046.0,789.0,4237256,0.006146902618109456,0.000186205412181846
OR,2021,12,11337.0,308.0,4237256,0.002675552291388578,7.268855126997283e-05
PA,2020,1,0.0,0.0,13002700,0.0,0.0
PA,2020,2,0.0,0.0,13002700,0.0,0.0
PA,2020,3,4959.0,63.0,13002700,0.0003813823282856637,4.84514754627885e-06
PA,2020,4,43175.0,2229.0,13002700,0.003320464211279196,0.00017142593461358025
PA,2020,5,27806.0,3275.0,13002700,0.002138478931298884,0.000251870765302591
PA,2020,6,15114.0,1120.0,13002700,0.0011623739684834687,8.613595637829066e-05
PA,2020,7,26017.0,517.0,13002700,0.0020008921224053465,3.9760972721050245e-05
PA,2020,8,22644.0,469.0,13002700,0.001741484460919655,3.606943173340921e-05
PA,2020,9,25399.0,469.0,13002700,0.0019533635321894683,3.606943173340921e-05
PA,2020,10,49597.0,670.0,13002700,0.0038143616325840017,5.152775961915602e-05
PA,2020,11,154983.0,1571.0,13002700,0.011919293685157699,0.00012082106024133449
PA,2020,12,278875.0,5595.0,13002700,0.021447468602674827,0.0004302952463719074
PA,2021,1,202380.0,5624.0,13002700,0.015564459689141486,0.0004325255523852738
PA,2021,2,86864.0,2419.0,13002700,0.006680458673967714,0.000186038284356326
PA,2021,3,93719.0,1072.0,13002700,0.007207656871265199,8.244441539064964e-05
PA,2021,4,125866.0,1125.0,13002700,0.009679989540633867,8.652049189783661e-05
PA,2021,5,50716.0,996.0,13002700,0.003900420681858383,7.659947549355134e-05
PA,2021,6,9420.0,464.0,13002700,0.0007244649188245518,3.568489621386327e-05
PA,2021,7,13522.0,174.0,13002700,0.0010399378590600413,1.3381836080198727e-05
PA,2021,8,69312.0,383.0,13002700,0.005330585186153645,2.945542079721904e-05
PA,2021,9,129572.0,1165.0,13002700,0.009965007267721319,8.959677605420412e-05
PA,2021,10,134999.0,2054.0,13002700,0.010382382120636482,0.00015796719142947233
PA,2021,11,155026.0,1967.0,13002700,0.011922600690625793,0.00015127627338937298
PA,2021,12,113658.0,1310.0,13002700,0.0087411076161105,0.0001007483061210364
RI,2020,1,0.0,0.0,1097379,0.0,0.0
RI,2020,2,0.0,0.0,1097379,0.0,0.0
RI,2020,3,511.0,9.0,1097379,0.0004656549833740212,8.201359785452427e-06
RI,2020,4,8183.0,331.0,1097379,0.007456858569373025,0.00030162778766497264
RI,2020,5,6146.0,485.0,1097379,0.005600617471265625,0.0004419621662160475
RI,2020,6,1896.0,148.0,1097379,0.0017277531281353114,0.00013486680536077325
RI,2020,7,2234.0,53.0,1097379,0.0020357597511889694,4.8296896514330966e-05
RI,2020,8,2804.0,52.0,1097379,0.002555179204267623,4.7385634315947364e-05
RI,2020,9,2958.0,47.0,1097379,0.002695513582818698,4.282932332402935e-05
RI,2020,10,8666.0,89.0,1097379,0.007896998211192304,8.110233565614068e-05
RI,2020,11,23451.0,197.0,1097379,0.021370009814293878,0.00017951865308156982
RI,2020,12,32638.0,503.0,1097379,0.02974177563084404,0.00045836488578695236
RI,2021,1,26060.0,435.0,1097379,0.0237474928898767,0.00039639905629686737
RI,2021,2,10580.0,193.0,1097379,0.00964115405889852,0.0001758736042880354
RI,2021,3,11178.0,86.0,1097379,0.010186088853531916,7.836854906098986e-05
RI,2021,4,10606.0,52.0,1097379,0.009664846876056494,4.7385634315947364e-05
RI,2021,5,3528.0,37.0,1097379,0.0032149330358973516,3.371670134019331e-05
RI,2021,6,681.0,18.0,1097379,0.0006205695570992337,1.6402719570904855e-05
RI,2021,7,2109.0,6.0,1097379,0.001921851976391019,5.467573190301619e-06
RI,2021,8,8361.0,33.0,1097379,0.007619063240685306,3.0071652546658904e-05
RI,2021,9,9776.0,64.0,1097379,0.008908499251398104,5.8320780696550596e-05
RI,2021,10,7467.0,43.0,1097379,0.006804394835330365,3.918427453049493e-05
RI,2021,11,12051.0,53.0,1097379,0.010981620752720802,4.8296896514330966e-05
RI,2021,12,13070.0,41.0,1097379,0.011910196932873693,3.736175013372773e-05
SC,2020,1,0.0,0.0,5118425,0.0,0.0
SC,2020,2,0.0,0.0,5118425,0.0,0.0
SC,2020,3,978.0,11.0,5118425,0.00019107440277038346,2.1490985996668898e-06
SC,2020,4,5009.0,188.0,5118425,0.0009786213532483137,3.673004879430684e-05
SC,2020,5,6070.0,286.0,5118425,0.0011859116818161836,5.587656359133913e-05
SC,2020,6,23622.0,238.0,5118425,0.00461509155648466,4.649867879279271e-05
SC,2020,7,54263.0,936.0,5118425,0.010601503392156767,0.00018286875357165534
SC,2020,8,32967.0,1054.0,5118425,0.006440848503201669,0.00020592272036808198
SC,2020,9,25765.0,639.0,5118425,0.005033775038219765,0.00012484309138064933
SC,2020,10,28627.0,534.0,5118425,0.005592931419333096,0.00010432896838382901
SC,2020,11,42855.0,491.0,5118425,0.008372692771702233,9.592794658513117e-05
SC,2020,12,97194.0,915.0,5118425,0.018989044481456697,0.0001787659289722913
SC,2021,1,146987.0,1743.0,5118425,0.02871723235174883,0.0003405344417472172
SC,2021,2,59084.0,1466.0,5118425,0.011543394696610774,0.0002864162315556055
SC,2021,3,30390.0,588.0,5118425,0.005937373313079707,0.00011487908878219374
SC,2021,4,25182.0,355.0,5118425,0.00491987281243742,6.935727298924962e-05
SC,2021,5,13521.0,243.0,5118425,0.002641632924190547,4.747554179264129e-05
SC,2021,6,5213.0,120.0,5118425,0.001018477363642136,2.3444711996366068e-05
SC,2021,7,22878.0,112.0,5118425,0.004469734342107191,2.1881731196608333e-05
SC,2021,8,117015.0,683.0,5118425,0.022861524785456465,0.00013343948577931687
SC,2021,9,121649.0,1871.0,5118425,0.023766881413716134,0.000365542134543341
SC,2021,10,39945.0,1279.0,5118425,0.007804158505790355,0.00024988155536126834
SC,2021,11,19161.0,461.0,5118425,0.0037435343880197524,9.006676858603965e-05
SC,2021,12,14563.0,206.0,5118425,0.0028452111733589924,4.0246755593761754e-05
SD,2020,1,0.0,0.0,886667,0.0,0.0
SD,2020,2,0.0,0.0,886667,0.0,0.0
SD,2020,3,108.0,1.0,886667,0.00012180446548704305,1.1278191248800282e-06
SD,2020,4,2341.0,16.0,886667,0.002640224571344146,1.804510599808045e-05
SD,2020,5,2544.0,45.0,886667,0.0028691718536947917,5.075186061960127e-05
SD,2020,6,1771.0,29.0,886667,0.00199736767016253,3.270675462152082e-05
SD,2020,7,2000.0,39.0,886667,0.0022556382497600563,4.3984945870321104e-05
SD,2020,8,4745.0,37.0,886667,0.005351501747555734,4.172930762056104e-05
SD,2020,9,8880.0,56.0,886667,0.010015033828934651,6.315787099328159e-05
SD,2020,10,23603.0,202.0,886667,0.026619914804543305,0.0002278194632257657
SD,2020,11,34472.0,521.0,886667,0.038878180872864335,0.0005875937640624947
SD,2020,12,18700.0,542.0,886667,0.02109021763525653,0.0006112779656849753
SD,2021,1,9086.0,290.0,886667,0.010247364568659937,0.0003270675462152082
SD,2021,2,4177.0,110.0,886667,0.004710900484623878,0.0001240601037368031
SD,2021,3,5332.0,47.0,886667,0.006013531573860311,5.300749886936133e-05
SD,2021,4,4901.0,32.0,886667,0.005527441531037018,3.60902119961609e-05
SD,2021,5,1531.0,47.0,886667,0.0017266910801913232,5.300749886936133e-05
SD,2021,6,345.0,21.0,886667,0.00038909759808360974,2.368420162248059e-05
SD,2021,7,839.0,8.0,886667,0.0009462402457743437,9.022552999040226e-06
SD,2021,8,6884.0,26.0,886667,0.007763906855674114,2.9323297246880735e-05
SD,2021,9,12759.0,73.0,886667,0.01438984421434428,8.233079611624206e-05
SD,2021,10,9464.0,93.0,886667,0.010673680197864587,0.00010488717861384263
SD,2021,11,11726.0,99.0,886667,0.01322480705834321,0.0001116540933631228
SD,2021,12,6092.0,77.0,886667,0.006870674108769132,8.684207261576218e-05
TN,2020,1,0.0,0.0,6910840,0.0,0.0
TN,2020,2,0.0,0.0,6910840,0.0,0.0
TN,2020,3,1981.0,13.0,6910840,0.00028665111621742074,1.8811027313611659e-06
TN,2020,4,8825.0,182.0,6910840,0.0012769793541740223,2.6335438239056322e-05
TN,2020,5,11863.0,169.0,6910840,0.0017165785924721164,2.4454335507695157e-05
TN,2020,6,19390.0,228.0,6910840,0.0028057370739302313,3.2991647903872754e-05
TN,2020,7,60766.0,441.0,6910840,0.008792852967222509,6.381279265617494e-05
TN,2020,8,49320.0,714.0,6910840,0.007136614362364054,0.00010331595001475941
TN,2020,9,40952.0,673.0,6910840,0.005925763004207882,9.738324140046651e-05
TN,2020,10,64226.0,921.0,6910840,0.009293515694184788,0.00013326889350643336
TN,2020,11,107912.0,1213.0,6910840,0.015614889072818933,0.00017552135485700727
TN,2020,12,211268.0,2256.0,6910840,0.030570523988400832,0.0003264436739962146
TN,2021,1,143111.0,2764.0,6910840,0.020708191768294446,0.0003999513807294048
TN,2021,2,48631.0,1819.0,6910840,0.007036915917601912,0.00026320968218045853
TN,2021,3,36662.0,511.0,6910840,0.005304999102858698,7.394180736350429e-05
TN,2021,4,36320.0,293.0,6910840,0.005255511631002888,4.239716156067859e-05
TN,2021,5,18117.0,249.0,6910840,0.002621533706466942,3.6030352316071566e-05
TN,2021,6,6501.0,116.0,6910840,0.0009406960658906876,1.6785224372145788e-05
TN,2021,7,30437.0,178.0,6910840,0.004404240294956908,2.5756637398637504e-05
TN,2021,8,154893.0,746.0,6910840,0.022413049643748083,0.00010794635673810999
TN,2021,9,176669.0,1663.0,6910840,0.025564041418988142,0.00024063644940412453
TN,2021,10,53632.0,1228.0,6910840,0.007760561668335542,0.00017769185800857782
TN,2021,11,34743.0,667.0,6910840,0.005027319399667768,9.651504013983828e-05
TN,2021,12,25483.0,774.0,6910840,0.003687395454098199,0.00011199796262104172
TX,2020,1,0.0,0.0,29145505,0.0,0.0
TX,2020,2,0.0,0.0,29145505,0.0,0.0
TX,2020,3,3266.0,101.0,29145505,0.00011205844606226586,3.4653714183370642e-06
TX,2020,4,24821.0,893.0,29145505,0.0008516236037083592,3.0639373035396026e-05
TX,2020,5,36200.0,925.0,29145505,0.0012420440133049677,3.1737312494671136e-05
TX,2020,6,95699.0,1348.0,29145505,0.003283490884786522,4.625069972196399e-05
TX,2020,7,260960.0,6683.0,29145505,0.008953696290388518,0.00022929779394798616
TX,2020,8,192023.0,4830.0,29145505,0.006588425899637011,0.00016572023713433683
TX,2020,9,135998.0,2132.0,29145505,0.004666174080703011,7.315021647420417e-05
TX,2020,10,151629.0,2559.0,29145505,0.005202483195950799,8.780084613390641e-05
TX,2020,11,310361.0,4784.0,29145505,0.01064867464125257,0.00016414194916162888
TX,2020,12,477740.0,7027.0,29145505,0.016391549914815336,0.00024110064313519357
TX,2021,1,604460.0,9907.0,29145505,0.020739390173544772,0.0003399151944699534
TX,2021,2,283392.0,5213.0,29145505,0.00972335185134037,0.0001788612000375358
TX,2021,3,139281.0,2322.0,29145505,0.004778815807103016,7.966923201365013e-05
TX,2021,4,99922.0,1221.0,29145505,0.003428384582802734,4.1893252492965894e-05
TX,2021,5,60617.0,983.0,29145505,0.0020798061313399784,3.372732776460727e-05
TX,2021,6,44613.0,534.0,29145505,0.0015306991592700144,1.832186472665339e-05
TX,2021,7,134719.0,623.0,29145505,0.004622290812940109,2.1375508847762287e-05
TX,2021,8,448541.0,3550.0,29145505,0.015389714468834902,0.00012180265876333246
TX,2021,9,442670.0,8341.0,29145505,0.015188276888666023,0.00028618478218167775
TX,2021,10,162787.0,6005.0,29145505,0.005585320961156789,0.00020603520165459477
TX,2021,11,89434.0,2626.0,29145505,0.003068534925025317,9.009965687676367e-05
TX,2021,12,64724.0,870.0,29145505,0.002220719798816318,2.985022904904204e-05
UT,2020,1,0.0,0.0,3271616,0.0,0.0
UT,2020,2,0.0,0.0,3271616,0.0,0.0
UT,2020,3,934.0,5.0,3271616,0.0002854858271875428,1.5282967194193939e-06
UT,2020,4,3819.0,41.0,3271616,0.0011673130342925331,1.253203309923903e-05
UT,2020,5,5191.0,67.0,3271616,0.001586677654101215,2.047917604021988e-05
UT,2020,6,12802.0,60.0,3271616,0.003913050920401416,1.8339560633032726e-05
UT,2020,7,18051.0,134.0,3271616,0.005517456816447896,4.095835208043976e-05
UT,2020,8,11995.0,101.0,3271616,0.003666383829887126,3.087159373227176e-05
UT,2020,9,20250.0,51.0,3271616,0.006189601713648546,1.5588626538077818e-05
UT,2020,10,41614.0,145.0,3271616,0.012719707936383733,4.432060486316243e-05
UT,2020,11,81050.0,267.0,3271616,0.024773689821788375,8.161104481699564e-05
UT,2020,12,80906.0,398.0,3271616,0.0247296748762691,0.00012165241886578375
UT,2021,1,70012.0,396.0,3271616,0.021399821983998122,0.000121041100178016
UT,2021,2,24611.0,270.0,3271616,0.007522582112326141,8.252802284864727e-05
UT,2021,3,14406.0,187.0,3271616,0.004403328507991158,5.7158297306285335e-05
UT,2021,4,11682.0,80.0,3271616,0.003570712455251472,2.4452747510710302e-05
UT,2021,5,8847.0,100.0,3271616,0.0027041682153406757,3.056593438838788e-05
UT,2021,6,8969.0,59.0,3271616,0.0027414586552945088,1.803390128914885e-05
UT,2021,7,18076.0,85.0,3271616,0.005525098300044993,2.5981044230129698e-05
UT,2021,8,31207.0,178.0,3271616,0.009538711144584206,5.4407363211330427e-05
UT,2021,9,44072.0,298.0,3271616,0.013471018603650306,9.108648447739588e-05
UT,2021,10,41388.0,276.0,3271616,0.012650628924665976,8.436197891195055e-05
UT,2021,11,45919.0,320.0,3271616,0.01403557141180383,9.781099004284121e-05
UT,2021,12,18469.0,145.0,3271616,0.0056452224221913575,4.432060486316243e-05
VA,2020,1,0.0,0.0,8631393,0.0,0.0
VA,2020,2,0.0,0.0,8631393,0.0,0.0
VA,2020,3,1484.0,34.0,8631393,0.000171930533113253,3.939109249225473e-06
VA,2020,4,15417.0,547.0,8631393,0.001786154332214974,6.337331645077451e-05
VA,2020,5,28497.0,811.0,8631393,0.003301552831622891,9.395934120946642e-05
VA,2020,6,17389.0,371.0,8631393,0.0020146226686700514,4.298263327831325e-05
VA,2020,7,28014.0,452.0,8631393,0.0032455943090530116,5.236698178382099e-05
VA,2020,8,30814.0,397.0,8631393,0.003569991541342168,4.599489329242684e-05
VA,2020,9,27106.0,616.0,8631393,0.0031403969208678136,7.136739110361444e-05
VA,2020,10,33672.0,427.0,8631393,0.003901108430585886,4.9470577924096375e-05
VA,2020,11,57671.0,438.0,8631393,0.006681540279767124,5.074499562237521e-05
VA,2020,12,114703.0,988.0,8631393,0.013289048476879688,0.00011446588053631668
VA,2021,1,152873.0,1393.0,8631393,0.017711277889907225,0.0001613876230638554
VA,2021,2,69534.0,2309.0,8631393,0.008055941839283648,0.0002675118604841652
VA,2021,3,43628.0,1486.0,8631393,0.005054572303682615,0.00017216224542203096
VA,2021,4,39751.0,508.0,8631393,0.004605397993116523,5.885492642960412e-05
VA,2021,5,15044.0,417.0,8631393,0.0017429399866278827,4.831201638020653e-05
VA,2021,6,4967.0,225.0,8631393,0.000575457518850086,2.606763473752151e-05
VA,2021,7,16302.0,115.0,8631393,0.001888687028849225,1.3323457754733217e-05
VA,2021,8,72976.0,327.0,8631393,0.008454718722690532,3.788496248519793e-05
VA,2021,9,99486.0,945.0,8631393,0.01152606537554251,0.00010948406589759035
VA,2021,10,56851.0,1142.0,8631393,0.006586538233168157,0.00013230772831222029
VA,2021,11,45350.0,782.0,8631393,0.005254076601540447,9.059951273218587e-05
VA,2021,12,34717.0,296.0,8631393,0.0040221781119223745,3.4293421699139406e-05
VT,2020,1,0.0,0.0,643077,0.0,0.0
VT,2020,2,0.0,0.0,643077,0.0,0.0
VT,2020,3,271.0,16.0,643077,0.0004214114328455224,2.4880379798997633e-05
VT,2020,4,521.0,32.0,643077,0.0008101673672048604,4.976075959799527e-05
VT,2020,5,108.0,6.0,643077,0.00016794256364323403,9.330142424624112e-06
VT,2020,6,203.0,1.0,643077,0.0003156698186997825,1.555023737437352e-06
VT,2020,7,192.0,2.0,643077,0.0002985645575879716,3.110047474874704e-06
VT,2020,8,185.0,0.0,643077,0.0002876793914259101,0.0
VT,2020,9,127.0,0.0,643077,0.0001974880146545437,0.0
VT,2020,10,414.0,0.0,643077,0.0006437798272990637,0.0
VT,2020,11,2013.0,15.0,643077,0.0031302627834613895,2.332535606156028e-05
VT,2020,12,2932.0,73.0,643077,0.004559329598166316,0.0001135167328329267
VT,2021,1,4109.0,34.0,643077,0.0063895925371300795,5.287080707286997e-05
VT,2021,2,2969.0,25.0,643077,0.004616865476451498,3.88755934359338e-05
VT,2021,3,3924.0,19.0,643077,0.006101913145704169,2.954545101130969e-05
VT,2021,4,3504.0,19.0,643077,0.005448803175980481,2.954545101130969e-05
VT,2021,5,1185.0,6.0,643077,0.001842703128863262,9.330142424624112e-06
VT,2021,6,167.0,2.0,643077,0.0002596889641520378,3.110047474874704e-06
VT,2021,7,481.0,1.0,643077,0.0007479664177073663,1.555023737437352e-06
VT,2021,8,3152.0,15.0,643077,0.004901434820402534,2.332535606156028e-05
VT,2021,9,4796.0,37.0,643077,0.0074578938447495404,5.7535878285182026e-05
VT,2021,10,5402.0,41.0,643077,0.008400238229636576,6.375597323493144e-05
VT,2021,11,9650.0,48.0,643077,0.015005979066270447,7.46411393969929e-05
VT,2021,12,5790.0,23.0,643077,0.009003587439762269,3.57655459610591e-05
WA,2020,1,1.0,0.0,7705281,1.2978112024726938e-07,0.0
WA,2020,2,0.0,1.0,7705281,0.0,1.2978112024726938e-07
WA,2020,3,5340.0,194.0,7705281,0.0006930311821204184,2.5177537327970258e-05
WA,2020,4,9067.0,619.0,7705281,0.0011767254172819915,8.033451343305975e-05
WA,2020,5,7353.0,304.0,7705281,0.0009542805771781717,3.945346055516989e-05
WA,2020,6,11065.0,214.0,7705281,0.0014360280955360357,2.7773159732915646e-05
WA,2020,7,23919.0,232.0,7705281,0.003104234615194436,3.0109219897366496e-05
WA,2020,8,18469.0,351.0,7705281,0.002396927509846818,4.555317320679155e-05
WA,2020,9,13687.0,211.0,7705281,0.0017763141928243758,2.7383816372173837e-05
WA,2020,10,21135.0,240.0,7705281,0.002742923976426038,3.114746885934465e-05
WA,2020,11,59558.0,408.0,7705281,0.0077295039596868695,5.295069706088591e-05
WA,2020,12,76819.0,687.0,7705281,0.009969655876274986,8.915962960987406e-05
WA,2021,1,66279.0,824.0,7705281,0.008601762868868768,0.00010693964308374996
WA,2021,2,27424.0,671.0,7705281,0.0035591174416611153,8.708313168591775e-05
WA,2021,3,24184.0,291.0,7705281,0.0031386266120599624,3.776630599195539e-05
WA,2021,4,38608.0,252.0,7705281,0.005010589490506576,3.270484230231188e-05
WA,2021,5,33767.0,266.0,7705281,0.004382319087389545,3.452177798577365e-05
WA,2021,6,14920.0,165.0,7705281,0.001936334314089259,2.1413884840799447e-05
WA,2021,7,23551.0,193.0,7705281,0.003056475162943441,2.504775620772299e-05
WA,2021,8,87895.0,451.0,7705281,0.01140711156413374,5.8531285231518484e-05
WA,2021,9,94585.0,1152.0,7705281,0.012275347258587973,0.00014950785052485433
WA,2021,10,67809.0,902.0,7705281,0.008800327982847089,0.00011706257046303697
WA,2021,11,49030.0,675.0,7705281,0.006363168325723617,8.760225616690683e-05
WA,2021,12,20413.0,305.0,7705281,0.00264922200760751,3.9583241675417157e-05
WI,2020,1,0.0,0.0,5893718,0.0,0.0
WI,2020,2,0.0,0.0,5893718,0.0,0.0
WI,2020,3,1351.0,16.0,5893718,0.00022922711945159237,2.7147549305888065e-06
WI,2020,4,5503.0,300.0,5893718,0.0009337060239393877,5.0901654948540124e-05
WI,2020,5,11549.0,276.0,5893718,0.001959544043335633,4.6829522552656916e-05
WI,2020,6,13259.0,199.0,5893718,0.002249683476542312,3.376476444919828e-05
WI,2020,7,25272.0,150.0,5893718,0.00428795541286502,2.5450827474270062e-05
WI,2020,8,23634.0,189.0,5893718,0.004010032376845991,3.206804261758028e-05
WI,2020,9,48555.0,207.0,5893718,0.00823843285342122,3.512214191449268e-05
WI,2020,10,108747.0,755.0,5893718,0.01845134090229631,0.0001281024982871593
WI,2020,11,173860.0,1402.0,5893718,0.02949920576451062,0.0002378804007928442
WI,2020,12,108708.0,1748.0,5893718,0.018444723687153,0.0002965869761668271
WI,2021,1,71702.0,1192.0,5893718,0.012165834877067414,0.0002022492423288661
WI,2021,2,25227.0,580.0,5893718,0.004280320164622739,9.840986623384424e-05
WI,2021,3,18674.0,301.0,5893718,0.0031684583483634608,5.107132713170192e-05
WI,2021,4,24409.0,235.0,5893718,0.004141528318796386,3.9872963043023095e-05
WI,2021,5,13970.0,306.0,5893718,0.002370320398770352,5.191968804751093e-05
WI,2021,6,3202.0,272.0,5893718,0.000543290330484085,4.615083382000971e-05
WI,2021,7,10271.0,163.0,5893718,0.0017427029932548521,2.7656565855373467e-05
WI,2021,8,46047.0,171.0,5893718,0.007812895018051423,2.901394332066787e-05
WI,2021,9,76224.0,426.0,5893718,0.012933092489325075,7.228035002692698e-05
WI,2021,10,72293.0,528.0,5893718,0.012266111137316037,8.958691270943062e-05
WI,2021,11,98326.0,589.0,5893718,0.016683187081567186,9.993691588230045e-05
WI,2021,12,57682.0,478.0,5893718,0.009787030869138971,8.11033035513406e-05
WV,2020,1,0.0,0.0,1793716,0.0,0.0
WV,2020,2,0.0,0.0,1793716,0.0,0.0
WV,2020,3,162.0,1.0,1793716,9.031530074995149e-05,5.575018564811821e-07
WV,2020,4,963.0,43.0,1793716,0.0005368742877913783,2.397257982869083e-05
WV,2020,5,885.0,31.0,1793716,0.0004933891429858461,1.7282557550916645e-05
WV,2020,6,895.0,18.0,1793716,0.000498964161550658,1.0035033416661277e-05
WV,2020,7,3737.0,23.0,1793716,0.0020833844376701776,1.2822542699067187e-05
WV,2020,8,3608.0,98.0,1793716,0.002011466698184105,5.4635181935155846e-05
WV,2020,9,5598.0,136.0,1793716,0.003120895392581657,7.582025248144076e-05
WV,2020,10,8612.0,107.0,1793716,0.00480120598801594,5.9652698643486485e-05
WV,2020,11,23382.0,278.0,1793716,0.013035508408243,0.00015498551610176862
WV,2020,12,37492.0,603.0,1793716,0.020901859603192477,0.0003361736194581528
WV,2021,1,35667.0,686.0,1793716,0.019884418715114323,0.00038244627354609093
WV,2021,2,10854.0,276.0,1793716,0.00605112515024675,0.00015387051238880626
WV,2021,3,9883.0,211.0,1793716,0.005509790847603523,0.00011763289171752942
WV,2021,4,11390.0,3.0,1793716,0.006349946145320664,1.6725055694435463e-06
WV,2021,5,8585.0,113.0,1793716,0.004786153437890948,6.299770978237358e-05
WV,2021,6,2328.0,81.0,1793716,0.0012978643218881918,4.5157650374975746e-05
WV,2021,7,3196.0,56.0,1793716,0.001781775933313858,3.12201039629462e-05
WV,2021,8,22453.0,137.0,1793716,0.012517589183571981,7.637775433792195e-05
WV,2021,9,50769.0,586.0,1793716,0.028303811751693133,0.0003266960878979727
WV,2021,10,32073.0,756.0,1793716,0.017880757042920952,0.00042147140349977366
WV,2021,11,22262.0,442.0,1793716,0.012411106328984076,0.0002464158205646825
WV,2021,12,14191.0,246.0,1793716,0.007911508845324456,0.0001371454566943708
WY,2020,1,0.0,0.0,576851,0.0,0.0
WY,2020,2,0.0,0.0,576851,0.0,0.0
WY,2020,3,120.0,0.0,576851,0.00020802598938027324,0.0
WY,2020,4,439.0,7.0,576851,0.0007610284111494996,1.213484938051594e-05
WY,2020,5,344.0,10.0,576851,0.0005963411695567833,1.733549911502277e-05
WY,2020,6,584.0,3.0,576851,0.0010123931483173299,5.200649734506831e-06
WY,2020,7,1239.0,6.0,576851,0.002147868340351321,1.0401299469013661e-05
WY,2020,8,1116.0,11.0,576851,0.0019346417012365412,1.9069049026525047e-05
WY,2020,9,2106.0,13.0,576851,0.0036508561136237953,2.25361488495296e-05
WY,2020,10,7350.0,37.0,576851,0.012741591849541736,6.414134672558425e-05
WY,2020,11,20007.0,128.0,576851,0.034683133079426054,0.00022189438867229147
WY,2020,12,11104.0,223.0,576851,0.019249338217321284,0.00038658163026500776
WY,2021,1,7503.0,158.0,576851,0.013006824986001584,0.0002739008860173598
WY,2021,2,2482.0,75.0,576851,0.004302670880348651,0.00013001624336267078
WY,2021,3,1916.0,29.0,576851,0.003321481630438363,5.027294743356603e-05
WY,2021,4,1832.0,7.0,576851,0.0031758634378721714,1.213484938051594e-05
WY,2021,5,2164.0,12.0,576851,0.0037514020084909276,2.0802598938027323e-05
WY,2021,6,1984.0,28.0,576851,0.0034393630244205177,4.853939752206376e-05
WY,2021,7,2949.0,29.0,576851,0.005112238689020215,5.027294743356603e-05
WY,2021,8,9897.0,82.0,576851,0.017156943474138035,0.00014215109274318672
WY,2021,9,15466.0,138.0,576851,0.026811082931294215,0.00023922988778731424
WY,2021,10,12324.0,178.0,576851,0.021364269109354062,0.00030857188424740533
WY,2021,11,8163.0,254.0,576851,0.014150967927593088,0.00044032167752157837
WY,2021,12,2144.0,74.0,576851,0.003716731010260882,0.0001282826934511685
